original_name,country_code,mapped_name,mapped_bvdId,mapping_score
ComparaGuru,MX,COMPARA GURU MEXICO SA DE CV,MX*Z00050968,scoreA
MSwipe Technologies,IN,MSWIPE TECHNOLOGIES PRIVATE LIMITED,IN0007648939,scoreA
Retail Holding,MA,RETAIL HOLDING,MA62401-85,scoreA
iCare Benefits Cambodia,KH,"ICARE BENEFITS (CAMBODIA) CO., LTD",KH*Z00272841,scoreA
Akulaku,ID,"AKULAKU SILVRR INDONESIA, PT",ID121475P,scoreE
Deliver,RU,DELIVER,RU23464156N,scoreA
Darwinbox Digital Solutions,IN,DARWINBOX DIGITAL SOLUTIONS PRIVATE LIMITED,IN0015384214,scoreA
Boenhuier Information Technology (eDaili),CN,"HANGZHOU ZAILING LADDER INFORMATION TECHNOLOGY CO., LTD.",CN9387579204,scoreD
UrbanClap Technologies,IN,URBANCLAP TECHNOLOGIES INDIA PRIVATE LIMITED,IN0013934176,scoreB
Aisance,TH,AISANCE COMPANY LIMITED,TH0105554149897,scoreA
Kakao Mobility,KR,KAKAO MOBILITY CORP.,KR1311110481819,scoreA
Longjiang Yuanmao,CN,LONG JIANG YU CHI,CN9362294497,scoreD
Daekyung Oil and Transportation,KR,"DAEKYUNG OIL & TRANSPORATION CO.,LTD.",KR1845110013207,scoreA
Bling,BR,BLING MULTMARCAS LTDA - ME (Alias: BLING),BR19061494000142,scoreA
iProcure,KE,IPROCURE LIMITED,KECPR2012-82116,scoreA
Ziwutong (Beijing) Asset Management (Danke Apartment),CN,"BEIJING GUOTONG ASSET MANAGEMENT CO., LTD.",CN9360977734,scoreC
Trax,SG,TRAX - UXL PTE LTD,SG199704137D,scoreB
Tianjin Galaxy Cool Media (Yinhekuyu Media),CN,"TIANJIN GALAXY VALVE CO., LTD.",CN9360492141,scoreE
Hector Beverages,IN,HECTOR BEVERAGES PRIVATE LIMITED,IN0007962319,scoreA
Intellibrand,BR,,,
av.by,BY,AV-TRAST CHUP,BY190745268,scoreE
Aureso,SG,AURESO PTE. LTD.,SG201217019N,scoreA
WorkCapital,BR,WORKCAPITAL BS D (Alias: WORKCAPITAL),BR27301136000198,scoreA
Neumarket,CO,TEU MARKET S A S,CO9008233746,scoreE
Bestdealfinance (Rubique),IN,BESTDEAL FINADVISORS LLP,IN0017146864,scoreD
Zai Laboratory,CN,"ZAI LABORATORY PHARMACEUTICAL (SHANGHAI) CO., LTD.",CN9367161172,scoreB
Diverze Assets,JM,,,
Fazenda Alvorada,BR,FAZENDA ALVORADA AGRO PECUARIA LTDA (Alias: FAZENDA ALVORADA),BR15225366000136,scoreA
KarmaPulse,MX,,,
Formcept Technologies and Solutions,IN,FORMCEPT TECHNOLOGIES & SOLUTIONS PRIVATE LIMITED,IN0002916041,scoreA
Dook Book,CN,,,
Bliss Inns (V Resorts),IN,V.INNS AND RESORTS PRIVATE LIMITED,IN0010489329,scoreB
Dafengshou,CN,"DA FENG SHOES CO.,LTD",CN9379520582,scoreB
Clobotics,CN,,,
Shangdong Luoxin Pharmaceutical Group,CN,"GUANGDONG LUOXIN PHARMACEUTICAL CO.,LTD",CN9361793053,scoreB
Tizeti,NG,,,
SolarE,CL,SOLAR E SPA,CL76760999K,scoreA
OMG Digital,GH,OMG DIGITAL,GH*Z00273530,scoreA
R2G Polska,PL,R2G POLSKA SP. Z O.O.,PL141963798,scoreA
WhereIsMyTransport,ZA,WHEREISMYTRANSPORT CC,ZA200822739823,scoreA
LoanTap Financial Technologies,IN,LOANTAP FINANCIAL TECHNOLOGIES PRIVATE LIMITED,IN0015631941,scoreA
Fisterra Energy,MX,FISTERRA ENERGY MEXICO SRL,MXFEM130620J22,scoreB
Shanghai Xiaoxun Technology,CN,"SHANGHAI XIAOXUN TECHNOLOGY CO., LTD",CN*Z00276693,scoreA
Tantan,CN,TANTAN GROUP LIMITED,HK0023319344,scoreB
NatGas,MX,NATGAS SRL,MXNAT110408KJ4,scoreA
OnEMI Technology Solutions (Kissht),IN,ONEMI TECHNOLOGY SOLUTIONS PRIVATE LIMITED,IN0016131863,scoreB
Avante,BR,AVANTE PARTICIPACOES LTDA (Alias: AVANTE),BR23218820000150,scoreA
Havson Group,MY,HAVSON GROUP BERHAD,MY*110179907646,scoreA
Sutures India (Healthium Medtech),IN,HEALTHIUM MEDTECH PRIVATE LIMITED,IN0009923709,scoreB
Cignifi,,CIGNIFI INC,US281310335L,scoreA
Shopsense (Fynd),IN,SHOPSENSE LIFESTYLE PRIVATE LIMITED,IN0011407791,scoreE
OneAssist Consumer Solutions,IN,ONEASSIST CONSUMER SOLUTIONS PRIVATE LIMITED,IN0010092688,scoreA
GrabOnRent,IN,GRABONRENT INTERNET PRIVATE LIMITED,IN0015210506,scoreB
LBC Express,PH,"""LBC EXPRESS, INC.""",PH0000005579,scoreA
Unbxd,IN,UNBXD,IN*927182260,scoreA
Modacruz,TR,MODACRUZ ELEKTRONIK SA,TR*E001100863,scoreE
Airfrov,SG,AIR FRONT PTE. LTD.,SG200501563N,scoreB
elmenus,EG,ELMENUS SAE,EG*Z00271357,scoreA
Guazi.com,CN,,,
Dingxiang Technology,CN,"BEIJING DINGXIANG TECHNOLOGY CO., LTD",CN*Z00273653,scoreB
Tianjin Huoxing Culture,CN,"TIANJIN HONGFENG CULTURE CO., LTD.",CN9385719498,scoreB
Mobike,CN,"MOBIKE TECHNOLOGY CO, LTD.",CN9402252135,scoreB
Bom Pra Credito,BR,BOM TEMPO COBRANCAS E INTERMEDIACOES FINANCEIRAS EIRELI - EPP (Alias: BOM CREDITO),BR20327762000104,scoreB
Poa Internet,KE,SAWA INTERNET LIMITED,KECPR2010-30847,scoreC
MWYN Tech (MoneyTap),IN,MWYN TECH PRIVATE LIMITED,IN0015115173,scoreB
Tsepak Technologies (Goodbox),IN,TSEPAK TECHNOLOGIES PRIVATE LIMITED,IN0009063627,scoreE
PingCap,CN,,,
Grupo Predial de Servicos,BR,GRUPO PREDIAL DE SERVICOS LTDA,BR*Z00312085,scoreA
Chajjhed Foods,IN,WESTERN FOODS LTD.,IN0000362726,scoreE
Albatros Energy Mali,ML,ALBATROS ENERGY MALI SA,ML0000023125,scoreB
Shopmatic,SG,SHOPMATIC PTE. LTD.,SG201435868N,scoreA
Orum Therapeutics,KR,"ORUM THERAPEUTICS, INC.",KR1601110433518,scoreA
"Shenzhen Futu Network Technology (Futu Securities, Futu5)",CN,"SHENZHEN FUTU NETWORK TECHNOLOGY CO.,LTD",CN9361545007,scoreB
Goodera,IN,GOODERA INFORMATION TECHNOLOGIES PRIVATE LIMITED,IN0003281332,scoreE
HyperTrack,IN,HYPERTRACK TECHNOLOGIES PRIVATE LIMITED,IN0015084514,scoreB
QingCloud Beijing U-fan Technology,CN,"BEIJING UCLOUDLINK TECHNOLOGY CO., LTD.",CN9394705435,scoreE
Southeast Asia Solar PV Project (JV w/ Entoria Energy),,,,
"Shanghai Juqi Network Technology (TKing, Niumowang)",CN,"SHANGHAI JUQI NETWORK TECHNOLOGY CO.,LTD",CN9364564794,scoreB
AIBoxx Solutions (Boxx.ai),IN,AIBOXX SOLUTIONS PRIVATE LIMITED,IN0015557523,scoreB
UUPaotui,CN,,,
Protein Kissè-Là,CI,PROTEIN KISSE L A S A,CI0000036369,scoreB
Shanghai Zhuyun Information Technology (CloudCare),CN,"SHANGHAI SHUYUAN INFORMATION TECHNOLOGY CO., LTD.",CN9367193215,scoreB
Farmfriend (Nongtian Guanjia),CN,,,
Ecofrio,MX,ECOFRIO SAPI DE CV,MX*Z00273480,scoreA
AviNiger,NE,AVINIGER,NE*Z00299859,scoreA
Singapore Diamond Investment Exchange (SDiX),SG,SINGAPORE DIAMOND INVESTMENT EXCHANGE PTE. LTD.,SG201024911Z,scoreA
Beijing Aikangding Technology,CN,"BEIJING TAISHIKANGDA TECHNOLOGY CO.,LTD",CN9360888744,scoreB
Shanghai Fortunate Auto Information Technology,CN,"SHANGHAI PRONETWAY INFORMATION TECHNOLOGY CO., LTD.",CN40929PC,scoreB
Rundo International Pharmaceutical Research & Development,CN,"RUNDO INTERNATIONAL PHARMACEUTICAL RESEARCH & DEVELOPMENT CO., LTD.",CN9382289116,scoreA
Wantedlab,KR,WANTED LAB INC.,KR1311110405166,scoreA
IDRIVER+ TECHNOLOGIES,CN,TECHNOLOGIES CO LTD,CN*340611944,scoreC
Xin Point Holdings,CN,XIN POINT HOLDINGS LIMITED,HK0025399673,scoreA
Shedul.com,AE,,,
Kare Distribution,UG,KARE DISTRIBUTION LIMITED,UG80010000677200,scoreB
Multiplier Solutions,IN,MULTIPLIER SOLUTIONS,IN*Z00271064,scoreA
ABI Health,IN,ABI HEALTH,IN*Z00271065,scoreA
HostelHunting,MY,HOSTEL HUNTING SDN BHD,MY*Z00271076,scoreA
MoneySmart,SG,MONEYSMART SINGAPORE PTE. LTD.,SG201731029D,scoreA
Yanolja,KR,"YANOLJA CO.,LTD.",KR1101113612375,scoreA
Greenday Group,TH,GREENDAY GROUP COMPANY LIMITED,TH0115559026661,scoreA
PhiSkin,CN,PHISKIN,CN*P0069639,scoreA
Blue Jay Finlease (ZipLoan),IN,BLUE JAY FINLEASE LIMITED,IN0001750289,scoreB
Swan Energy,IN,SWAN ENERGY LIMITED,IN31473FI,scoreA
Wavecell,SG,WAVECELL PTE. LTD.,SG201019122K,scoreA
Oncologos del Occidente,CO,ONCOLOGOS DEL OCCIDENTE S A S,CO8010007139,scoreA
Grasshoppers,LK,,,
Nomisma Mobile Solutions (FTcash),IN,NOMISMA MOBILE SOLUTIONS PRIVATE LIMITED,IN0012398677,scoreB
Entrevias,BR,PEREIRA DA ROCHA CONFECCOES LTDA - ME (Alias: ENTREVIA),BR11150669000186,scoreB
BHIVE Workspace,IN,,,
Yellow Drive Technologies (Spinny),IN,YELLOW DRIVE TECHNOLOGIES PRIVATE LIMITED,IN0014425345,scoreA
Carsome,MY,CARSOME SDN BHD,MY*Z00207439,scoreA
Shansong Express,CN,"SHANDONG HI-SPEED CO., LTD. (Previous name: SHANDONG EXPRESSWAY CO., LTD.)",CN30704PC,scoreC
Hugel,KR,HUGEL INC.,KR1101112380890,scoreA
GMD,PE,GMD SA,PE20100153751,scoreA
Fruta del Norte,EC,FRUTA DEL NORTE,EC*700121508,scoreA
Doc+,RU,LIMITED LIABILITY COMPANY DOC,RU22954220N,scoreE
Princeton Growth Ventures (PGV),,,,
WaystoCap,MA,WAYSTOCAP,MA314123-81,scoreA
Orbit Corporate and Leisure Travels (Goomo),IN,ARISE LEISURE AND CORPORATE TRAVELS PRIVATE LIMITED,IN0015637974,scoreB
Dajie.com,CN,DAJIE.COM,CN*904464588,scoreA
AI-Drive,CN,"SHENZHEN AIDRIVING CO., LTD.",CN9398813587,scoreE
Beisen Appraisal Technology,CN,,,
Shenzhen Yuejiang Technology (Dobot),CN,"SHENZHEN YUEJIANG TECHNOLOGY CO., LTD",CN*Z00273853,scoreB
Snapask,CN,SNAPASK LIMITED,HK0021871361,scoreA
Qingdao Haier Home Integration,CN,"QINGDAO HAIER HOME INTEGRATION CO., LTD.",CN9364194860,scoreA
Med Imagem,BR,MED IMAGEM S/C (Alias: MED IMAGEM),BR63326243000134,scoreA
Konduto,BR,KONDUTO INTERNET DATA TECHNOLOGY S/A (Alias: KONDUTO),BR19780395000110,scoreA
Qingdao Krund Robot,CN,"QINGDAO HAIER ROBOT CO., LTD.",CN9361170442,scoreB
Mera Gao Power,IN,MERA GAO MICRO GRID POWER PRIVATE LIMITED,IN0008305676,scoreB
Unicoba,BR,UNICOBA IMPORTACAO E EXPORTACAO LTDA (Alias: UNICOBA),BR43823525000130,scoreA
Tata Cleantech Capital,IN,TATA CLEANTECH CAPITAL LIMITED,IN0008922378,scoreA
Redaya Energi - Tolo Wind Farm,ID,,,
OneTwoTrip.com,RU,IP-COM LTD,RU14916263,scoreB
Crezcamos,CO,CREZCAMOS S.A.,CO9002112630,scoreA
Yogome,MX,YOGOME,MX*913436384,scoreA
Mosyle,BR,MOSYLE CORPORATION,BR29213804000150,scoreA
Qingzhi Technology,CN,"QINGZHI ORIENT ( BEIJING ) MEDIA TECHNOLOGY CO.,LTD",CN9360881648,scoreB
DocSuggest Healthcare Services (Ziffi),IN,DOCSUGGEST HEALTHCARE SERVICES PRIVATE LIMITED,IN0007828239,scoreA
EngageSpark,PH,ENGAGESPARK PH INC.,PHCS201322110,scoreB
Homedy,VN,HOMEDY CORPORATION,VN0106951559,scoreA
Blink My Car,LB,MY CAR SARL,LB0000196595,scoreB
Seez,LB,,,
Hospital Vera Cruz,BR,HOSPITAL VERA CRUZ S A,BR46009718000140,scoreA
Vcount,TR,V COUNT TEKNOLOJI ANONIM SIRKETI,TR1699851F,scoreE
Utkarsh Micro Finance,IN,UTKARSH MICRO FINANCE LIMITED,IN0005508492,scoreA
Law Union Rock,NG,LAW UNION & ROCK INSURANCE PLC,NG6286R,scoreB
"Yuanfudao (Yuantiku, Xiaoyuansouti)",CN,,,
Green Tea Restaurant,CN,,,
Mercadoni,CO,MERCADONI COL S A S,CO9011734755,scoreC
TecSUS,BR,TECSUS MANUTENCOES EM SUSPENSAO LTDA - EPP (Alias: TECSUS),BR14831559000178,scoreA
Samast Technology (Magicpin),IN,,,
Boxi,CO,,,
Supr Techlabs (Supr Daily),IN,SUPR TECHLABS PRIVATE LIMITED,IN0014914331,scoreB
Lendit,KR,"LENDIT CO.,LTD.",KR1101115676270,scoreA
Loadshare Networks,IN,LOADSHARE NETWORKS PRIVATE LIMITED,IN0015893091,scoreA
InventisBio,CN,INVENTISBIO INC.,CN*Z00271277,scoreA
Grupo Axo,MX,GRUPO AXO SC,MXGAX9802048J6,scoreA
Bundl Technologies (Swiggy),IN,BUNDL TECHNOLOGIES PRIVATE LIMITED,IN0011898793,scoreB
Niyogin Fintech,IN,NIYOGIN FINTECH LIMITED,IN113242FI,scoreA
Bain Capital NPL Portfolio,CN,,,
Collateral Medical,IN,COLLATERAL MEDICAL PRIVATE LIMITED,IN0010397201,scoreA
Societe Equatoriale de Petrole (SODEP),CD,SOCIETE EQUATORIALE DE PETROLE SARL,CD0000026184,scoreB
Bank-Genie,SG,BANK-GENIE PTE. LIMITED,SG201620236N,scoreA
Kaishuo Jianggushi,CN,"CASETEK COMPUTER (SUZHOU) CO., LTD.",CN9360273052,scoreC
Cube Consumer Services (Bankoncube.com),IN,CONSUMER SERVICES PVT LTD,IN0010305526,scoreC
Ascent Health and Wellness Solutions (Dial Health),IN,ASCENT HEALTH AND WELLNESS SOLUTIONS PRIVATE LIMITED,IN0011734544,scoreA
Gnowbe,SG,GNOWBE PTE. LTD.,SG201534009Z,scoreA
Jasper Infotech (Snapdeal),IN,JASPER INFOTECH PRIVATE LIMITED,IN0004063293,scoreB
Fun Factory,CN,SHIFEN FACTORY,CN9362071366,scoreB
Luxstay,VN,,,
Lechebang.com,CN,,,
Baidu Perfect Literature (Zhongheng Literature),CN,,,
Acko General Insurance,IN,ACKO GENERAL INSURANCE LIMITED,IN0016394113,scoreA
Beijing MyDreamPlus Technology,CN,"BEIJING MYZR TECHNOLOGY CO., LTD.",CN9391857815,scoreC
Servion,IN,SERVION PHARMACEUTICALS PRIVATE LIMITED,IN0016380269,scoreB
Ismaya Group,ID,,,
SpectX,EE,SPECTX OU,EE14194054,scoreA
Glakolens,TR,,,
Able C&C,KR,"ABLE C & C CO.,LTD.",KR1101111846174,scoreA
Wow Momo Foods,IN,WOW MOMO FOODS PRIVATE LIMITED,IN0014382296,scoreA
CloudIn,CN,,,
China Great Wall Environment Improving,CN,"CHINA GREAT WALL INDUSTRY GUANGZHOU CO., LTD.",CN9384259799,scoreB
Cloud Exchange,,CLOUD EXCHANGE PRIVATE LIMITED,IN0014536697,scoreA
Bangsun Technology,CN,,,
NightStay,IN,NIGHTSTAY TRAVELS PRIVATE LIMITED,IN0014371714,scoreB
Sea,SG,SEA PTE. LTD.,SG201724123D,scoreA
K.L.F Nirmal Industries,IN,K.L.F. NIRMAL INDUSTRIES PRIVATE LIMITED,IN0010898056,scoreA
Beijing Mingtongsiji Technology,CN,"BEIJING MINGTONG SIJI TECHNOLOGY CO., LTD.",CN9367157542,scoreA
Sepalika,IN,,,
MobiExchanger,CN,,,
Beijing Huajuan'er Technology,CN,"BEIJING HUAJIUSANLI TECHNOLOGY CO.,LTD",CN9360952904,scoreB
Beijing Vhall Times Technology,CN,"BEIJING SHARETIMES TECHNOLOGY CO., LTD.",CN48875PC,scoreB
Beijing Jiage Tiandi Technology (Gagogroup.cn),CN,"BEIJING TIANDI SCIENCE AND TECHNOLOGY CO., LTD. SHANGHAI BRANCH",CN9360021370,scoreB
Didi Chuxing,CN,"DIDI CHUXING TECHNOLOGY CO., LTD.",CN9398999797,scoreB
Head InfoTech India (Ace2three.com),IN,HEAD INFOTECH INDIA PVT LTD,IN0007955808,scoreB
Haishangxian.cn,CN,HAI SHANG XIAN HAI XIAN YUE HUI ( BEI JING ) CAN YIN YOU XIAN GONG SI,CN9404436101,scoreE
CanSino Biotechnology,CN,TIANJIN CANSINO BIOTECHNOLOGY INC.,CN*Z00094068,scoreB
RS Research,TR,FIBA RESEARCH,TR*905183534,scoreD
CANbridge Life Sciences,CN,CANBRIDGE LIFE SCIENCES LTD,CN*Z00272553,scoreA
"Shanghai Chubao Information Technology (Chule, Touchpal)",CN,"SHANGHAI CHUBAO INFORMATION TECHNOLOGY CO., LTD",CN*Z00253698,scoreB
Shebao Information Technology,CN,"SHEBAO INFORMATION TECHNOLOGY (SHANGHAI) CO., LTD",CN*Z00222245,scoreA
Buka.tv,CN,,,
Compareit4me,AE,,,
Poncho Hospitality (Box8),IN,,,
Chiaki Culture Communication (Qianqiusui),CN,,,
Cloudwise (Beijing) Technology,CN,,,
Green Gold Farms,MX,GREEN GOLD FARMS SAPI DE CV,MX*Z00268952,scoreA
Modern House,KR,MODERN HOUSE,KRK915585,scoreA
Duocaitou,CN,,,
Fan Milk International,,FAN MILK INTERNATIONAL A/S,DK44326728,scoreA
Frontier Car Group,,FRONTIER CAR GROUP INC.,US*110143613403,scoreA
Grupo Disal,CL,,,
Acudeen Technologies,PH,ACUDEEN TECHNOLOGIES INC.,PHCS201606744,scoreA
Ummeed Housing Finance,IN,UMMEED HOUSING FINANCE PRIVATE LIMITED,IN0015509061,scoreA
SPi Global Holdings,PH,SPI GLOBAL HOLDINGS INC.,PH*Z00031597,scoreA
Mech-mind,CN,,,
CloudWell,BD,,,
Yangcong345,CN,,,
Healthway Medical,SG,HEALTHWAY MEDICAL GROUP PTE LTD,SG199400795H,scoreA
PaySense Services,IN,,,
Guangdong Jianke Medicine,CN,"GUANGDONG JIANYE MEDICINE CO.,LTD YANJIANGLUDAYAO HOUSE",CN9361651453,scoreA
Suzhou Bona Dynamic Software,CN,,,
FKS Food & Agri,ID,,,
Arohan Financial Services,IN,AROHAN FINANCIAL SERVICES PRIVATE LIMITED,IN0001090745,scoreA
Infonesia,ID,,,
Taoshihui (The Wisdom Store),CN,,,
Derkwoo Electronics,KR,"DERKWOO ELECTRONICS CO.,LTD.",KR1760110006963,scoreA
Kyungnam Energy,KR,"KYUNGNAM ENERGY CO.,LTD.",KR1901110001509,scoreA
ETop Pass,CN,,,
EcoSea Farming,CL,ECOSEA FARMING S.A.,CL760244422,scoreA
DeePhi Tech,CN,,,
Immunotec,MX,,,
One Season Boot Camp,CN,,,
GLXSS,CN,,,
Huya,CN,HUYA LIMITED,HK0023699718,scoreA
Kanakadurga Finance,IN,KANAKADURGA FINANCE LIMITED,IN0004304965,scoreA
Fetchr,AE,FETC HR,AE*976002753,scoreA
Ahlijasa,ID,AHLIJASA,ID*901932880,scoreA
4xLabs,SG,4XLABS PTE. LTD.,SG201104120M,scoreA
Moni,AR,,,
WDC Networks,BR,LIVETECH DA BAHIA INDUSTRIA E COMERCIO S.A (Alias: WDC NETWORKS),BR05917486000140,scoreA
Yitu Technology,CN,,,
Echoenergia,BR,,,
Komaza,KE,,,
Shopsense (Fynd),IN,,,
Nhat Tin Investment Trading Development,VN,NHAT TIN INVESTMENT TRADING DEVELOPMENT JOINT STOCK COMPANY,VN0312803588,scoreA
Oddup,CN,ODDUP LIMITED,HK0022052813,scoreA
Hangzhou Wacai Science,CN,,,
Cwelding Technology (Ruigu Shop),CN,,,
Zike,CN,,,
EV Hive,ID,,,
Shanghai Kenexa Human Resources Consulting (KNX),CN,,,
Britania Foods (Jambo Biscuits),KE,,,
Utkal Tubers India,IN,UTKAL TUBERS INDIA PRIVATE LIMITED,IN0015441719,scoreA
Anxin Apartment,CN,,,
Kunshang Culture Media (Kunlun Fight),CN,,,
Aegro,BR,,,
Nibo,BR,,,
Shanghai Dianda Information Technology,CN,"SHANGHAI DIANDA INFORMATION TECHNOLOGY CO.,LTD",CN9364540422,scoreA
XSKY Beijing Data Technology,CN,"XSKY (BEIJING) DATA TECHNOLOGY CO., LTD",CN*Z00223188,scoreA
OptiCo,ZA,OPTICO (PTY) LTD,ZA201100841907,scoreA
Innogrid,KR,"INNO GRID CO.,LTD.",KR1101113538191,scoreA
Zigzag (Croquis),KR,,,
Molbase Technology,CN,,,
Social Worth Technologies (EarlySalary),IN,SOCIAL WORTH TECHNOLOGIES PRIVATE LIMITED,IN0015102852,scoreA
Asante,KE,,,
Stylam Industries,IN,STYLAM INDUSTRIES LTD,IN33041FI,scoreA
Hesai,CN,,,
Wook,ID,,,
Shanghai Star48 Culture & Media,CN,,,
G-Banker.com,CN,G-BANKER.COM,CN*P0071787,scoreA
Resulticks,SG,RESULTICKS SINGAPORE PTE. LTD.,SG201429642C,scoreA
Beijing Yidianyuan Network Technology (Xiaodian),CN,,,
Sequretek IT Solutions,IN,SEQURETEK IT SOLUTIONS PRIVATE LIMITED,IN0012027541,scoreA
LightSpace Technologies,LV,LIGHTSPACE TECHNOLOGIES SIA,LV010375855,scoreA
World Fitness Services (World Gym Taiwan),TW,,,
Rotometal,PL,R O T OMETAL SP. Z O.O.,PL081041148,scoreA
Translatum Holdings (TransNetwork),,,,
Cornershop,,CORNER SHOP D.O.O. BEOGRAD,RS20569417,scoreA
Good Methods,IN,,,
Tu Ma Shenwei Medical Technology,CN,,,
Ben Thanh Jewelry,VN,BEN THANH JEWELRY JOINT STOCK COMPANY,VN0300847936,scoreA
Yingde Gases,CN,YINGDE GASES GROUP COMPANY LIMITED,HK0000172606,scoreA
Transwarp,CN,,,
Spirohome,TR,,,
Dealcha!,TH,DEALCHA COMPANY LIMITED,TH0105558147929,scoreA
Universidad Tres Culturas,MX,UNIVERSIDAD DE LAS TRES CULTURAS SC,MXUTC9903183C7,scoreA
Popular Vehicles and Services,IN,POPULAR VEHICLES AND SERVICES PRIVATE LIMITED,IN0000220651,scoreA
Monishop,CD,,,
Vinci,CN,,,
Deyor Camps,IN,,,
Home First Finance,IN,,,
Fortigo Networks Logistics,IN,FORTIGO NETWORK LOGISTICS PRIVATE LIMITED,IN0015252911,scoreA
GBfoods Africa Holdco,,GB FOODS AFRICA HOLDCO B.V.,NL66902894,scoreA
ExoCoBio,KR,EXOCO BIO INC.,KR1341110458170,scoreA
WuXi NextCODE,CN,,,
Hunan Fumi Information Technology,CN,"HUNAN FUMI INFORMATION TECHNOLOGY CO., LTD.",CN9367166596,scoreA
Integer.pl,PL,INTEGER.PL S.A.,PL356590980,scoreA
InPost (easyPack),PL,,,
The Harvest Patissier & Chocolatier,ID,,,
Live.me,CN,,,
African Agency for Credit and Enterprise,MU,AFRICAN AGENCY FOR CREDIT AND ENTERPRISE LTD,MU0001549827,scoreA
HealthCare at Home India,IN,HEALTH CARE AT HOME INDIA PRIVATE LIMITED,IN0007958243,scoreA
Neozeka,TR,,,
ACL Teslim,TR,,,
Korozo,TR,,,
Weiyang,CN,WEI YANG LIMITED,HK0016841154,scoreA
"Guangzhou Senji Software Technology (Lizhiweike, Lychee)",CN,,,
Energy Monster,CN,,,
Fun Factory,CN,,,
Nanogen Biopharmaceutical,VN,,,
ALOG Technology,CN,"ALOG TECHNOLOGY CO., LTD.",CN*D00430708,scoreA
L&P Cosmetics,KR,"L & P COSMETIC CO.,LTD.",KR1101114081553,scoreA
UiPath,RO,UIPATH SRL,RO34737997,scoreA
Ticket Monster,KR,TMON INC. (Previous name: TICKET MONSTER INC.),KR1101114317247,scoreA
Shanghai City Shop,CN,,,
Awfis Space Solutions,IN,AWFIS SPACE SOLUTIONS PRIVATE LIMITED,IN0013891208,scoreA
M17 Entertainment,SG,,,
Office Depot Korea,KR,"OFFICE DEPOT KOREA CO.,LTD.",KR1101111618094,scoreA
ZipGo,IN,,,
Metarain Software Solutions (Myra Medicines),IN,,,
Pumping Team,MX,,,
Stockbit,ID,,,
My-Sutera,MY,MY-SUTERA SDN. BHD.,MY367254-M,scoreA
Lynk,CN,LYNK LTD,HK*Z00270597,scoreA
Rapidoo,BR,,,
Farmacias Independente,BR,VJ FARMA LTDA (Alias: FARMACIAS INDEPENDENTE),BR01693953000145,scoreA
Volanty,BR,VOLANTY LLC (Alias: VOLANTY),BR26538343000106,scoreA
EpimAb Biotherapeutics,CN,"EPIMAB BIOTHERAPEUTICS CO., LTD",CN*Z00266779,scoreA
Kensta Group,KE,KENSTA GROUP,KE*Z00265691,scoreA
Neoway,BR,,,
Faasos,IN,,,
Niramai Health Analytix,IN,NIRAMAI HEALTH ANALYTIX PRIVATE LIMITED,IN0015522149,scoreA
UrbanClap Technologies,IN,,,
Fiem Industries,IN,FIEM INDUSTRIES LIMITED,IN33458FI,scoreA
Ad Victoriam Ventures (StalkBuyLove),IN,AD VICTORIAM VENTURES PRIVATE LIMITED,IN0007744244,scoreA
AllLife,ZA,ALL LIFE (PTY) LTD,ZA200400828307,scoreA
Little Green Beverages,ZA,OLD LITTLE GREEN BEVERAGES (PTY) LTD,ZA200603401607,scoreA
Shadow Creator Information Technology,CN,,,
TianYi Research Institute,CN,,,
SunCulture,KE,,,
PayGo Energy,KE,PAYGO ENERGY LIMITED,KECPR2016-007312,scoreA
MA's Foods,LK,,,
Autoplus,KR,AUTO PLUS INC.,KR1101111847784,scoreA
Sanjay Maintenance Services,IN,SANJAY MAINTENANCE SERVICES PVT. LTD.,IN11-125538,scoreA
Shanghai Bai Ji Information Technology,CN,"SHANGHAI ZHIZI INFORMATION TECHNOLOGY CO., LTD.",CN46612PC,scoreA
Swingvy,SG,SWINGVY PTE. LTD.,SG201635071C,scoreA
Beijing Base Technology (U-Parking),CN,,,
Instituto Terapeutico Delta,BR,INSTITUTO TERAPEUTICO DELTA LTDA.,BR*190521561475,scoreA
YeeCall,CN,,,
Microvast Power Systems (MPS),CN,,,
Masan Nutri-Science,VN,MASAN NUTRI-SCIENCE CORPORATION,VN0311224517,scoreA
IceKredit,CN,,,
Asian Institute of Nephrology and Urology,IN,ASIAN INSTITUTE OF NEPHROLOGY AND UROLOGY PRIVATE LIMITED,IN0013444264,scoreA
Holachef Hospitality,IN,HOLACHEF HOSPITALITY PRIVATE LIMITED,IN0012035762,scoreA
Winthrop Pharma Senegal,SN,,,
Muxi,BR,,,
Eco Minera,AR,ECO MINERA SA,AR30-68169727-2,scoreA
Village Grocer,MY,VILLAGE GROCER SDN BHD,MY645017-A,scoreA
Absentia Virtual Reality,IN,ABSENTIA VIRTUAL REALITY PRIVATE LIMITED,IN0014889812,scoreA
mobLee,BR,MOBLEE TECNOLOGIA DA INFORMACAO S.A. (Alias: MOBLEE),BR13494405000175,scoreA
Escale,BR,ESCALE PINTURAS PREDIAIS E COMERCIO LTDA (Alias: ESCALE),BR73150104000156,scoreA
General Water,BR,GENERAL WATER S/A,BR04088389000120,scoreA
Whodat Tech,IN,WHODAT TECH PRIVATE LIMITED,IN0013658049,scoreA
Beijing More Information Technology (More Health),CN,,,
Qiangsen International Community Medical,CN,,,
South Indian Bank,IN,SOUTH INDIAN BANK LIMITED,INFEB32462,scoreA
Clio Cosmetics,KR,"CLIO COSMETICS CO.,LTD.",KR1101111421273,scoreA
Shanghai Junzheng Network Technology (Hellobike),CN,"SHANGHAI JUNZHENG NETWORK TECHNOLOGY CO., LTD.",CN9403427552,scoreA
Nuvia,TR,,,
Shillong Expressway,IN,SHILLONG EXPRESSWAY PRIVATE LIMITED,IN0014046887,scoreA
Jodhpur Pali Expressway,IN,JODHPUR PALI EXPRESSWAY PRIVATE LIMITED,IN0010594819,scoreA
Meiweiting (Beijing) Culture Development,CN,,,
Zhejiang POCTech Medical,CN,,,
Muslimarket,ID,,,
Kyligence,CN,KYLIGENCE LIMITED,HK0024033137,scoreA
Lendingkart Technologies,IN,LENDINGKART TECHNOLOGIES PRIVATE LIMITED,IN0013934903,scoreA
Dr. Mohan's Diabetes Specialities Centre,IN,DR.MOHAN'S DIABETES SPECIALITIES CENTRE PRIVATE LIMITED,IN0002770756,scoreA
Favstay,TH,,,
Xin Net Technology,CN,,,
Shanghai Hao Ju Information & Technology,CN,"SHANGHAI HAOJU INFORMATION TECHNOLOGY CO.,LTD",CN9364550194,scoreA
Beijing Taiyang Chuanghe Media,CN,,,
Mikro Yazilim,TR,,,
Simulanis,IN,,,
DataGrand Tech,CN,DATAGRAND TECH INC.,CN*Z00266625,scoreA
Upgrade3D,CL,UPGRADE 3D S.P.A.,CL761679120,scoreA
Elmodis,PL,ELMODIS SP. Z O.O.,PL361828950,scoreA
KongZhong,CN,"KONGZHONG( CHINA ) CO.,LTD",CN9360986164,scoreA
First Circle,PH,FIRST CIRCLE,PH*Z00240825,scoreA
HackerEarth Technologies,IN,HACKEREARTH TECHNOLOGIES PRIVATE LIMITED,IN0013927791,scoreA
Kuapay,CL,KUAPAY CHILE LIMITADA (Alias: KUAPAY LTDA),CL761526936,scoreA
Purple Panda Fashions (Clovia),IN,,,
Ideas Infolabs (Ninjacart),IN,,,
Emiza Supply Chain Services,IN,EMIZA SUPPLY CHAIN SERVICES PRIVATE LIMITED,IN0015056418,scoreA
NetEase Cloud Music,CN,,,
Northstar Finance Services,GH,,,
QG Power Africa,,QG POWER AFRICA LIMITED,MU0001480457,scoreA
Perimetral de Oriente de Cundinamarca,CO,,,
FiveJack (Itemku),ID,,,
Guotai Junan Securities,CN,"GUOTAI JUNAN SECURITIES CO., LTD.",CNFEB59332,scoreA
Alading Bank,CN,,,
San Jose Lopez (SJL),MA,,,
Lynk Jobs,KE,LYNK JOBS LIMITED,KECPR2015-198005,scoreA
Saleswhale,SG,SALESWHALE PTE. LTD.,SG201416294C,scoreA
Four Rivers Investment Management,CN,,,
Shanghai Mime Financial Information (Memedai.cn),CN,,,
Beijing Mint Quantum Information Technology,CN,"BEIJING MINT QUANTUM INFORMATION TECHNOLOGY CO., LTD",CN*Z00262707,scoreA
Souche Holdings,CN,,,
51zhaoyou.com,CN,,,
Horus Aeronaves,BR,HORUS AERONAVES LTDA - EPP,BR19664563000102,scoreA
Beijing Yidianyuan Network Technology (Xiaodian),CN,,,
Malo Clinic Health & Wellness Group China,CN,,,
21vek.by,BY,,,
Mech Mocha Game Studios,IN,MECH MOCHA GAME STUDIOS PRIVATE LIMITED,IN0008234622,scoreA
Dataweave,IN,,,
Ubook,BR,UBOOK EDITORA S.A. (Alias: UBOOK),BR19141082000112,scoreA
Syscloud Technology,CN,,,
I&M Bank (Rwanda),RW,I&M BANK (RWANDA) LTD,RWFEB10539,scoreA
99.co,SG,,,
Shenzhen Laidian Technology,CN,"SHENZHEN LAIDIAN TECHNOLOGY CO., LTD",CN*Z00265201,scoreA
Wecash,CN,,,
Chip Inside,BR,,,
Appota,VN,APPOTA CORPORATION,VN0105715968,scoreA
AdAsia,SG,ADASIA SINGAPORE PTE. LTD.,SG201019083D,scoreA
dcs plus,RO,,,
Rapsodia,AR,RAPSODIA SRL,AR30-66109280-3,scoreA
Groupon LatAm,,,,
NIDA Rooms,ID,,,
Mobike,CN,,,
AirTrunk,SG,AIRTRUNK PTE. LTD.,SG201526793E,scoreA
Blue Skies Holdings,,BLUE SKIES HOLDINGS LIMITED,GB04049445,scoreA
YunNiao.me,CN,,,
Beijing Dataman Technology,CN,"BEIJING DATIAN TECHNOLOGY CO.,LTD",CN9360997598,scoreA
Wanyoo,CN,,,
Beijing Rocen Digital Technology,CN,,,
Vortex Engineering,IN,VORTEX ENGINEERING PRIVATE LIMITED,IN0005436711,scoreA
International School of Carthage,TN,INTERNATIONAL SCHOOL OF CARTHAGE,TNB0151622005,scoreA
Kuaikan Comic,CN,,,
Huolala Global Investment,CN,HUOLALA GLOBAL INVESTMENT LTD,HK*Z00046548,scoreA
Ecolibrium Energy,IN,ECOLIBRIUM ENERGY PRIVATE LIMITED,IN0007776494,scoreA
Sahajanand Medical Technologies,IN,SAHAJANAND MEDICAL TECHNOLOGIES PRIVATE LIMITED,IN0009865116,scoreA
Ad Victoriam Ventures (StalkBuyLove),IN,AD VICTORIAM VENTURES PRIVATE LIMITED,IN0007744244,scoreA
InstaCarro,BR,,,
Sixscape,SG,,,
Lumos Global,NG,,,
Hortes,EE,HORTES AS,EE11081332,scoreA
Traveazy (HolidayMe),AE,,,
Zhejiang Gejia Network Technology (Gegejia),CN,,,
Hiip,VN,,,
Me Salva!,BR,ME SALVA ! CURSOS E CONSULTORIAS LTDA (Alias: ME SALVA !),BR16733268000172,scoreA
FastFox,IN,,,
Maverix Platforms (Fingerlix),IN,,,
Shenzhen Jiedian Technology (Ankebox),CN,,,
Perfios Software Solutions,IN,PERFIOS SOFTWARE SOLUTIONS PRIVATE LIMITED,IN0008164337,scoreA
ElasticRun,IN,,,
Beijing Guogan Shidai Technology (MAMA+),CN,,,
InspiraFarms,,,,
Mekong Timber Plantations,LA,,,
Quicko Technosoft Labs (Whatfix),IN,,,
Grupo Transmerquim (GTM),,,,
IP Fabric,CZ,"IP FABRIC, S.R.O.",CZ05223172,scoreA
HealthCare at Home,IN,,,
Ayopop,ID,,,
Share Infotech (Testbook.com),IN,,,
Spandana Sphoorty Innovative Financial Services,IN,,,
SmartCoin Financials(SmartCoin),IN,,,
Kalyan Jewellers,IN,KALYANI JEWELLERS PRIVATE LIMITED,IN0004275857,scoreA
Tricor Holdings,CN,TRICO HOLDINGS LIMITED,HK0011695782,scoreA
Daesung Industrial Gases,KR,"DAESUNG INDUSTRIAL GASES CO.,LTD.",KR1101110247498,scoreA
Advyteam,TN,,,
Genesis Colors,IN,GENESIS COLORS LIMITED,IN0003116593,scoreA
Ubiix,TW,,,
auto24,EE,AUTO24 AS,EE10416931,scoreA
Vertical,RU,VERTICAL JOINT-STOCK COMPANY,RU81348593,scoreA
Fasten/RuTaxi,RU,,,
Ultrapetrol River,,,,
Everpure Holdings,GH,,,
Xinliangji Food Technology,CN,,,
Omni Prime,CN,OMNI PRIME INC.,CN*Z00213432,scoreA
GHL Systems,MY,GHL SYSTEMS BERHAD,MY293040-D,scoreA
SuperMarket Grocery Supplies (BigBasket.com),IN,,,
Jaypore E-Commerce,IN,JAYPORE E-COMMERCE PRIVATE LIMITED,IN0004097992,scoreA
Ascend Telecom Infrastructure,IN,ASCEND TELECOM INFRASTRUCTURE PRIVATE LIMITED,IN0001165196,scoreA
Kerala Institute of Medical Science (KIMS),IN,,,
Henan Boya Zhidao E-Commerce (I Believe),CN,,,
Zhirong Group (Yongqianbao),CN,,,
Weeloy,SG,WEELOY PTE. LTD.,SG201403781C,scoreA
Xiaolu Yiguan,CN,,,
Gamee,CZ,,,
Tecnica Ambiental (Bioupar),CO,,,
Flashhold,CN,,,
Soleq Taiwan,TW,,,
B9 Beverages (Bira 91),IN,,,
OSLabs Technology (Indus OS),IN,,,
Sensors Data,CN,,,
Parsek,SI,"PARSEK, INFORMACIJSKE TEHNOLOGIJE, D.O.O. (Alias: PARSEK D.O.O.)",SI1328689,scoreA
CentrumDirect,IN,CENTRUMDIRECT LIMITED,IN0000263911,scoreA
Delightful Gourmet (Licious),IN,,,
BSCPL Godhra Tollways (BGTL),IN,,,
Tiger Brokers,CN,TIGER BROKERS LIMITED,HK0024472665,scoreA
Bharti Infratel,IN,BHARTI INFRATEL LIMITED,IN34583FI,scoreA
International School of Engineering (INSOFE),IN,,,
Atria Convergence Technologies (ACT),IN,ATRIA CONVERGENCE TECHNOLOGIES PRIVATE LIMITED,IN0000282681,scoreA
Rio Energy,BR,RIO ENERGY GRUPO LTDA - EPP (Alias: RIO ENERGY),BR19299194000104,scoreA
Khmerload,KH,,,
Snapcart,ID,,,
Vanke Property Development,CN,"VANKE PROPERTY DEVELOPMENT CO., LTD.",CN9384539465,scoreA
Vaatsalya Healthcare,IN,VAATSALYA HEALTHCARE,IN*P0061870,scoreA
Nalanda Learning Systems (Little Laureates),IN,,,
Intas Pharmaceuticals,IN,INTAS PHARMACEUTICALS LIMITED,IN0000217945,scoreA
Kisumu Concrete Products,KE,KISUMU CONCRETE PRODUCTS LIMITED,KEC17534,scoreA
PharmEasy,IN,,,
SSN Logistics (Delhivery.com),IN,,,
Babadu,RU,BABADU COMPANY LIMITED,RU30608012,scoreA
Aonde Educacional (Conecturma),BR,,,
Shanghai Niu Jiao Suo Investment Management,CN,,,
Wuhan Cobot Technology,CN,,,
Ms.Onion DFS,CN,,,
VIPc.cn,CN,,,
Incred Finance,IN,,,
L&T Infotech,IN,L T INFOTECH PRIVATE LIMITED,IN0009403219,scoreA
Cravatex Brands,IN,CRAVATEX BRANDS LIMITED,IN0016327123,scoreA
The News Lens,TW,"THE NEWS LENS CO., LTD.",TW54324104,scoreA
66nao Brain Training,CN,,,
Shanghai Free Finance Information Services (magfin.cn),CN,,,
Cata Company,BR,,,
Qlapa,ID,,,
Carro,SG,CARRO,SG53352160B,scoreA
DCM Asia,MY,,,
Beijing Sailian Technology (Xiaoyu Link),CN,,,
GPA Global,CN,,,
Hejin Online,CN,,,
PlanetCast Media Services,IN,PLANETCAST MEDIA SERVICES LIMITED,IN0000254839,scoreA
Shenzhen Qianhai Dadao Financial Services,CN,"SHENZHEN QIANHAI DADAO FINANCIAL SERVICES CO., LTD",CN*Z00219298,scoreA
Sanasa Development Bank (SDB),LK,SANASA DEVELOPMENT BANK PLC,LK0000073405,scoreA
Le Travenues Technology (ixigo),IN,,,
Weex,MX,,,
MarketsandMarkets,IN,,,
Pargo,ZA,PARGO,ZA*Z00266757,scoreA
Wujie Space,CN,,,
Kilimo,AR,KILIMO SA,AR30-71510794-1,scoreA
Airpay Payment Services,IN,AIRPAY PAYMENT SERVICES PRIVATE LIMITED,IN0014651748,scoreA
Shanghai Kanbang Information Technology (NewRank),CN,,,
IDwall,BR,IDWALL TECNOLOGIA LTDA - ME (Alias: IDWALL),BR24934106000120,scoreA
DT+Seekr (Direct Talk),BR,,,
Woxing Group,CN,,,
Regency Healthcare,IN,REGENCY HEALTHCARE PRIVATE LIMITED,IN0006557748,scoreA
Santa Monica Networks Latvia and Lithuania,LV,,,
Chezhibao (Mychebao.com),CN,,,
YCloset,CN,,,
Geek+,CN,,,
OCL India,IN,OCL INDIA LIMITED,IN30090FI,scoreA
Charming Huang Info & Tech (Hypereal),CN,,,
Xiaoyusan,CN,,,
United Photovoltaics Group,CN,UNITED PHOTOVOLTAICS GROUP LIMITED,HK0000146971,scoreA
Debt Rescue,ZA,DEBT RESCUE (PTY) LTD,ZA201642064607,scoreA
Hangzhou Quantum Finance,CN,,,
Suzhou Ribo Life Science,CN,"SUZHOU RIBO LIFE SCIENCE CO.,LTD",CN9363445471,scoreA
Beijing Zmeng Network Technology,CN,,,
Intellifusion Technologies,CN,,,
Huilian Jinke Information Technology (Beijing),CN,"HUILIAN JINKE INFORMATION TECHNOLOGY (BEIJING) CO., LTD",CN*Z00205153,scoreA
MTG Baltic,,,,
Homage,SG,,,
Nanjing Lanjingren Network Technology (Mei Pian),CN,,,
TREV-2 Group,EE,,,
FarMart,IN,,,
Makeblock,CN,"MAKEBLOCK CO., LTD.",CN9380687912,scoreA
Pawoon,ID,,,
Luxeva (POPxo),IN,,,
VU Security,AR,VU SECURITY SA,AR30-71041663-6,scoreA
Ergos Business Solutions,IN,ERGOS BUSINESS SOLUTIONS PRIVATE LIMITED,IN0002588349,scoreA
Innovalues,SG,INNOVALUES LIMITED,SG199702822E,scoreA
Sanoma Baltics,EE,AS SANOMA BALTICS,EE*110179544721,scoreA
POS Media Group,CZ,,,
Ematic Solutions,SG,EMATIC SOLUTIONS PTE. LTD.,SG201111609G,scoreA
TopSchool,CN,,,
Ideal Cures,IN,IDEAL CURES PRIVATE LIMITED,IN0003692662,scoreA
Groupon Brasil,BR,,,
Indiavidual Learning (Embibe.com),IN,,,
MPaani Solutions,IN,MPAANI SOLUTIONS PRIVATE LIMITED,IN0014569235,scoreA
Andhra Pradesh Expressway,IN,ANDHRA PRADESH EXPRESSWAY LIMITED,IN0000215843,scoreA
Borqs Beijing (Borqs),CN,,,
Lavelle Networks,IN,LAVELLE NETWORKS PRIVATE LIMITED,IN0014719149,scoreA
UFBOT,CN,,,
Shanghai Zhier Network Technology,CN,"SHANGHAI ZHI NETWORK TECHNOLOGY CO.,LTD",CN9364551606,scoreA
Property Share,IN,,,
Beijing Block 12 Culture Communication,CN,"BEIJING BLOCK 12 CULTURE COMMUNICATION CO., LTD",CN*Z00258841,scoreA
Beijing Fuyou Online Information Technology,CN,"BEIJING YA YU ONLINE INFORMATION TECHNOLOGY CO., LTD.",CN9384719447,scoreA
Souget.com,CN,,,
IKaiHuo,CN,IKAIHUO CORPORATION,CN*Z00243060,scoreA
Beijing Guanjiu Food Culture,CN,,,
Beijing Yizhang Yunfeng Technology  (Easemob.com),CN,,,
Revolution Precrafted,PH,,,
Unitech Machines,IN,UNITECH MACHINES LIMITED,IN0000226299,scoreA
Proparents Solutions (Parentune.com),IN,,,
ULink BioEnergy (AgroStar),IN,,,
PipeCandy,IN,,,
Easynvest,BR,EASYNVEST - TITULO CORRETORA DE VALORES SA (Alias: EASYNVEST),BR62169875000179,scoreA
Zhuhai Micro Fountain Technology (Xin Xi Bao),CN,,,
Fincare Business Services,IN,FINCARE BUSINESS SERVICES LIMITED,IN0012382869,scoreA
Blowhorn,IN,,,
Avenue Supermarts,IN,AVENUE SUPERMARTS LIMITED,IN0000217717,scoreA
Tylko,PL,,,
Amartha,ID,,,
Viva Republica (Toss),KR,,,
Modanisa,TR,,,
Caicloud,CN,,,
Haituncun (Shenzhen) Info-Tech (Azoya),CN,,,
Thika Royal Palms,KE,THIKA ROYAL PALMS LIMITED,KECPR2014-165613,scoreA
Yoco,ZA,,,
Sunpower,CN,SUN POWER LIMITED,HK0020856718,scoreA
One97 Communications (Paytm),IN,,,
CloudMind AI,CN,,,
Up Pictures,CN,PICTURES UP LIMITED,HK0023704163,scoreA
ktjr.com,CN,,,
Dora’s Dream,CN,,,
Klook Travel Technology,CN,KLOOK TRAVEL TECHNOLOGY LIMITED,HK0019781494,scoreA
Shumei Technology,CN,SHUMEI TECHNOLOGY LIMITED,HK0023738496,scoreA
Mint Stay Solutions,IN,,,
RedCarpet,IN,RED CARPET PRIVATE LIMITED,IN0006533553,scoreA
Youon Bike,CN,,,
Power Mech Projects,IN,POWER MECH PROJECTS LIMITED,IN39334FI,scoreA
Karomi Technology,IN,KAROMI TECHNOLOGY PRIVATE LIMITED,IN0004457181,scoreA
Updater Services (UDS),IN,,,
PolicyPal,SG,POLICYPAL PTE. LTD.,SG201610784K,scoreA
Hunan Guitaitai Camelia Oil Technology,CN,"HUNAN GUITAITAI CAMELLIA OIL TECHNOLOGY CO., LTD.",CN44636PC,scoreA
Genesis Colors,IN,GENESIS COLORS LIMITED,IN0003116593,scoreA
Brinton Pharmaceuticals,IN,BRINTON PHARMACEUTICALS LIMITED,IN0013596059,scoreA
Crest Agro Products,NG,,,
Soocare,CN,,,
Ofo,CN,OFO CO. LTD.,CN*110181560625,scoreA
Konverge Healthcare,IN,KONVERGE HEALTHCARE PRIVATE LIMITED,IN0013894023,scoreA
AluNile,EG,NILE ALUMINIUM & METALS COMPANY SAE (Alias: ALU NILE),EG0000005113,scoreA
Grupo IGA,CO,GRUPO IGA S A S,CO9008419590,scoreA
Yunmanman,CN,,,
Belong,IN,,,
Gerant d'Eternel,CD,,,
Atlas Renewable Energy,,ATLAS RENEWABLE ENERGY MEXICO S DE RL DE CV,MXLEI1136691,scoreA
Venteny,SG,VENTENY PTE. LTD.,SG201621450Z,scoreA
Delivereat,MY,DELIVEREAT SDN BHD,MY*Z00257783,scoreA
Synced,CN,,,
Zinka Logistics (Blackbuck),IN,,,
Zongmu Technology,CN,,,
Hero Telecomms,ZA,HERO TELECOMS (PTY) LTD,ZA201301437607,scoreA
Gambol Pet Group,CN,"GAMBOL PET GROUP CO., LTD.",CN9367131203,scoreA
Shanghai Information Technology (atzuche.com),CN,,,
Lepu.cn,CN,,,
Weiming Penguin,CN,,,
CoClean,CN,,,
Supermonkey Fitness,CN,,,
Selecta Baltic Operations,,,,
Orbit Corporate and Leisure Travels (Goomo),IN,,,
Adlabs Entertainment (Adlabs Imagica),IN,,,
Anxin Doctor,CN,,,
Printerous,ID,,,
CreditEase Insurance Agency,CN,,,
Get My Parking,IN,,,
Evolution Wellness,MY,WELLNESS REVOLUTION SDN. BHD.,MY1125630-X,scoreA
Tala,,TALA,RU34859107,scoreA
MTech Engineering (industrybuying.com),IN,,,
iQiyi,CN,"IQIYI, INC.",CN*I00014897635,scoreA
MoneyTable,TH,"MONEYTABLE CO., LTD",TH*Z00260932,scoreA
Kenafric Industries,KE,KENAFRIC INDUSTRIES LIMITED,KEC34924,scoreA
Dah Makan,MY,,,
Vault Dragon,SG,VAULT DRAGON PTE. LTD.,SG201318318G,scoreA
Balance Hero (True Balance),IN,,,
Creditas,BR,CREDITAS SOLUCOES FINANCEIRAS LTDA. (Alias: CREDITAS),BR17770708000124,scoreA
CreditMantri Finserv,IN,CREDITMANTRI FINSERVE PRIVATE LIMITED,IN0002151363,scoreA
Sindila Micro – Hydro,UG,,,
iBeiDiao,CN,,,
Insignia Art Collect (BestCollegeArt),IN,INSIGNIA ART COLLECT PRIVATE LIMITED,IN0003858384,scoreA
Paix Technology (Truebil),IN,,,
Rainbow Children's Clinic,CN,,,
Pine Care,CN,,,
Poputar,CN,,,
Urban Ladder Home Decor Solutions,IN,URBAN LADDER HOME DECOR SOLUTIONS PRIVATE LIMITED,IN0005494216,scoreA
Apoema Capital Partners,BR,,,
Suryoday Microfinance (SMF),IN,,,
Intowow Innovation,TW,,,
YourStory Media,IN,YOURSTORY MEDIA PRIVATE LIMITED,IN0004920045,scoreA
MSParis,CN,,,
mClinica,SG,MCLINICA PTE. LTD.,SG201419378D,scoreA
Unilink,PL,UNILINK S.A.,PL015284773,scoreA
Data Resolve Technologies,IN,DATA RESOLVE TECHNOLOGIES PRIVATE LIMITED,IN0002253544,scoreA
Beijing Nuokangda Pharmaceutical Technology,CN,,,
Fyle Technologies,IN,FYLE TECHNOLOGIES PRIVATE LIMITED,IN0015446693,scoreA
Shilili Hotel,CN,,,
Enlight,MX,,,
Moka,ID,,,
Worq,MY,,,
Sigtuple Technologies,IN,SIGTUPLE TECHNOLOGIES PRIVATE LIMITED,IN0015256077,scoreA
Freshket,TH,,,
Genecast,CN,,,
Zuihuibao.com,CN,,,
DataEye,CN,,,
Yosemite Clinic,CN,,,
JOY,CN,& JOY COMPANY LIMITED,HK0001270828,scoreA
Speedroad Medical Information (ysbang.cn),CN,,,
Wooplr Technologies,IN,WOOPLR TECHNOLOGIES PRIVATE LIMITED,IN0013222702,scoreA
Voonik Technologies,IN,VOONIK TECHNOLOGIES PVT LTD,IN*Z00064720,scoreA
Yaoshibang,CN,,,
Zenatix Solutions,IN,ZENATIX SOLUTIONS PRIVATE LIMITED,IN0011890249,scoreA
Food Union,LV,,,
Sanergy,KE,SANERGY LIMITED,KECPR2011-53263,scoreA
Connexions Asia (CXA),SG,,,
Holiday Triangle Travel (TravelTriangle.com),IN,,,
Krsnaa Diagnostics,IN,KRSNAA DIAGNOSTICS PRIVATE LIMITED,IN0004753776,scoreA
Zen Lefin (Capital Float),IN,,,
Shansong Express,CN,,,
Ark Biosciences,CN,ARK BIOSCIENCES LIMITED,HK0017362991,scoreA
Asia Cube Solar,,,,
Asia Cube Energy,CN,,,
CMC Networks,ZA,CMC NETWORK (PTY) LTD,ZA199300473307,scoreA
BitPesa,KE,BITPESA LIMITED,KECPR2013-124390,scoreA
Milk Mantra Dairy,IN,MILK MANTRA DAIRY PRIVATE LIMITED,IN0014601685,scoreA
Neptune,KR,"NEPTUNE CO.,LTD.",KR1101111720873,scoreA
Alufer Mining,GN,,,
DSM Corridor Group (DCG),TZ,DSM CORRIDOR GROUP LTD.,TZ0000984571,scoreA
Kalibrr,PH,KALIBRR,PH*932013859,scoreA
Cermati,ID,,,
IP-TECH,TN,IP-TECH CORP,TNB247642011,scoreA
Netshoes,BR,NETSHOES,BR*956130127,scoreA
Nutricia Deva,CZ,,,
Middlesex University Dubai,AE,MIDDLESEX UNIVERSITY DUBAI,AE0048409801,scoreA
Digital House,AR,DIGITAL HOUSE SA,AR30-71504342-0,scoreA
AirTM,MX,,,
AsaaS,BR,ASSOCIACAO SANTO ANTONIO DE ACAO SOCIAL (Alias: ASAAS),BR07461578000194,scoreA
Flucar,PL,FLUCAR S.A.,PL147438640,scoreA
Shenzhen Buyao Music Culture,CN,,,
Berrybenka,ID,BERRYBENKA PT,ID*908375805,scoreA
99Games,IN,,,
Fawaz Trading Company,CD,,,
RML AgTech,IN,RML AGTECH PRIVATE LIMITED,IN0006690016,scoreA
Hinduja Leyland Finance,IN,HINDUJA LEYLAND FINANCE LIMITED,IN0003692486,scoreA
Muthoot Microfin,IN,MUTHOOT MICROFIN LIMITED,IN0008499722,scoreA
Betaout,IN,,,
Koubei,CN,KOU BEI GU FEN YOU XIAN GONG SI,CN9402968719,scoreA
South Indian Bank,IN,SOUTH INDIAN BANK LIMITED,INFEB32462,scoreA
NowFloats,IN,,,
Diptab Ventures (LetsTransport),IN,,,
Suzhou Connect Biopharmaceuticals,CN,"SUZHOU CONNECT BIOPHARMACEUTICALS, LTD",CN*110022111354,scoreA
Sinema,TR,,,
Just Fit,BR,JUST FIT PARTICIPACOES EM EMPREENDIMENTOS S.A. (Alias: JUST FIT),BR16738149000102,scoreA
Espacolaser,BR,CORPOREOS - SERVICOS ESTETICOS LTDA (Alias: ESPACOLASER.),BR08845676000198,scoreA
CRON Systems,IN,CRON SYSTEMS PRIVATE LIMITED,IN0015094958,scoreA
STEP Group,AE,,,
Melltoo,AE,MELLTOO FZ-LLC,AE0016411614,scoreA
Cuemath,IN,,,
Renueva Tu Closet,CO,,,
Xuebajun,CN,,,
Hangzhou Lvwan Network Technology,CN,"HANGZHOU LVWAN NETWORK TECHNOLOGY CO., LTD",CN*Z00251356,scoreA
Vzan,CN,,,
Revo Technology,RU,"REVO TECHNOLOGY, LLC",RU16342441N,scoreA
Torf Corporation,PL,TORF SP. Z O.O.,PL330889989,scoreA
Direct Create,IN,DIRECT CREATE PRIVATE LIMITED,IN0014408753,scoreA
Sociolla,ID,,,
Techwider Network (Wydr),IN,,,
Infervision (Datamorrow),CN,,,
Er Geng,CN,,,
Casaideas,CL,MATRIZ IDEAS S A (Alias: CASA Y IDEAS S A),CL763225909,scoreA
Samoyed Financial,CN,,,
Huangbaoche,CN,,,
Meiya,CN,,,
iyzico,TR,,,
L-Fast Brands (Weddingz.in),IN,,,
Kinostics,CL,KINOSTICS SPA,CL762140837,scoreA
PVR,IN,PVR LIMITED,IN31477FI,scoreA
OFI,CO,,,
Nepra Resource Management,IN,NEPRA RESOURCE MANAGEMENT PRIVATE LIMITED,IN0009050128,scoreA
Destacame,CL,DESTACAME SPA,CL764137477,scoreA
Allegro,PL,ALLEGRO SP. Z O.O. SPOLKA KOMANDYTOWA,PL142902959,scoreA
Ketchupp,IN,,,
Beijing Moran Cognitive Technology,CN,"BEIJING MORAN COGNITIVE TECHNOLOGY CO., LTD",CN*Z00251654,scoreA
Compare Asia Group,CN,COMPAREASIA GROUP LIMITED,HK0016466936,scoreA
Global Credit Ratings,ZA,,,
Curiositi Learning Solutions,IN,CURIOSITI LEARNING SOLUTIONS PRIVATE LIMITED,IN0013225132,scoreA
Shenma Internet of Things Financial Information Service (Shenmajr.com),CN,,,
Practo Technologies,IN,PRACTO TECHNOLOGIES PRIVATE LIMITED,IN0006780688,scoreA
Zolostays Property Solutions,IN,ZOLOSTAYS PROPERTY SOLUTIONS PRIVATE LIMITED,IN0015034187,scoreA
Uxin (Youxinpai),CN,,,
Unacademy,IN,,,
Diyi Chedai,CN,,,
"PeopleSoft Interactive Information Technology (Xiaoshouyi, Ingage App)",CN,,,
MobileMD System,CN,,,
Beijing Cuiyutao Children's Healthcare Center,CN,,,
ServiceMonk Technologies (iService),IN,,,
Hong Kong Asia Medical Center,CN,"HONG KONG ASIA MEDICAL CENTRE CO., LIMITED",HK0003636237,scoreA
Shanghai Junzheng Network Technology (Hellobike),CN,"SHANGHAI JUNZHENG NETWORK TECHNOLOGY CO., LTD.",CN9403427552,scoreA
Southeast Asia Telecommunications Holdings,VN,,,
HaHow,TW,,,
SecurAX,IN,,,
Sziget,HU,SZIGET UZEM- ES MUNKASZERVEZESI INFORMATIKAI KOZKERESETI TARSASAG (Alias: SZIGET KKT.),HU29814510,scoreA
Niangao-mama,CN,,,
Shenzhen EasyCloud Health,CN,,,
Simpati Mobile,MX,,,
F88,VN,F88,VN*Z00250592,scoreA
Zhihu,CN,,,
Iguama,,IGUAMA INC,US272154086L,scoreA
Hansel Software (Hansel.io),IN,,,
Islamabad Diagnostics Centre (IDC),PK,,,
Ekrut,ID,,,
BTB Marketing (The Beer Cafe),IN,,,
Tolaro Global,BJ,TOLARO GLOBAL,BJ0000085793,scoreA
Loan Frame Technologies,IN,,,
Securens Systems,IN,SECURENS SYSTEMS PRIVATE LIMITED,IN0005877923,scoreA
Legalese,SG,LEGALESE PTE. LTD.,SG201527692R,scoreA
Grupo Hunan,MX,,,
Natural One,BR,NATURAL ONE S.A.,BR08192116000181,scoreA
LEAP India,IN,LEAP INDIA PRIVATE LIMITED,IN0011866918,scoreA
Anrei Medical,CN,"ANREI MEDICAL (HANGZHOU)CO.,LTD",CN9360092750,scoreA
Shenzhen Hive Box Technology,CN,,,
Tophant,CN,,,
Shenxing Tech,CN,,,
Fount,KR,,,
Nanjing Nongfenqi E-Commerce,CN,,,
Frontier Biotech,CN,FRONTIER BIOTECH LIMITED,HK0016550257,scoreA
99 (formerly 99Taxis),BR,,,
BBuzzArt,KR,"BBUZZ ART CO.,LTD.",KR1101115282291,scoreA
Bigsal,BR,BIGSAL INDUSTRIA E COMERCIO DE SUPLEMENTOS PARA NUTRICAO ANIMAL SA (Alias: BIGSAL),BR05647897000163,scoreA
Suburban Diagnostics,IN,,,
Heuristix Digital Technologies (Learntron),IN,,,
Mobike,CN,,,
Ascletis,CN,,,
Aipinji,CN,,,
Shanghai Bajiulin Cultural Communications,CN,,,
Petrobras Chile Distribuicion (PCD),CL,,,
Edianzu,CN,,,
Controladora GMI,MX,CONTROLADORA GMI SAPI DE CV,MX*Z00250017,scoreA
Utico,AE,UTICO FREE ZONE COMPANY,AE0048414341,scoreA
KunZhou Information Technology (Chushou TV),CN,,,
Thea Kitchen (Biryani Blues),IN,,,
America Net,BR,AMERICA NET LTDA,BR01778972000174,scoreA
OmniActive Health Technologies,IN,OMNIACTIVE HEALTH TECHNOLOGIES LIMITED,IN0008110101,scoreA
Amber Enterprises,IN,AMBE ENTERPRISES PRIVATE LIMITED,IN0012906184,scoreA
International Community School,GH,INTERNATIONAL COMMUNITY SCHOOL,GH*P0042266,scoreA
Biorad Medisys,IN,BIORAD MEDISYS PRIVATE LIMITED,IN0001706193,scoreA
Enaltec Labs,IN,ENALTEC LABS PRIVATE LIMITED,IN0002810819,scoreA
Tecnicil Industria,CV,TECNICIL INDUSTRIA S.A.,CV30009QC,scoreA
GongCha Korea,KR,"GONGCHA KOREA CO.,LTD.",KR1101114694918,scoreA
Neurotech,SN,,,
Diverza,MX,,,
46 Degrees,CL,,,
Kuapay,CL,KUAPAY CHILE LIMITADA (Alias: KUAPAY LTDA),CL761526936,scoreA
Wake of Light Network Technology,CN,,,
FitTime,CN,FIT TIME LIMITED,HK0021325053,scoreA
Hsuanzhang (Kungeek.com),CN,,,
EasyLife Financial Services Holding,CN,,,
Lando Media,CN,,,
Vezeeta,EG,DRBRIDGE COMPANY (Alias: VEZEETA),EG0048400472,scoreA
Stericon Pharma,IN,STERICON PHARMA PRIVATE LIMITED,IN0006260044,scoreA
Suraksha Diagnostic,IN,SURAKSHA DIAGNOSTIC PRIVATE LIMITED,IN0013708343,scoreA
Fabindia Overseas,IN,FABINDIA OVERSEAS PRIVATE LIMITED,IN0002728864,scoreA
WatchBanQ Group,CN,,,
Foam Plastics Solutions-Flow Control Devices,CN,,,
Gastronomia & Negocios,CL,GASTRONOMIA Y NEGOCIOS S.A,CL760835277,scoreA
EKT,EE,EKT OU,EE10111539,scoreA
Eco Management Korea (EMK),KR,,,
Azalai Hotels,ML,,,
Clip,MX,,,
FS,BR,F.S . BAURU COMESTIVEIS LTDA (Alias: F.S. BAURU),BR02992029000122,scoreA
Podotree,KR,PODOTREE INC.,KR1101114397752,scoreA
JustBooks Solutions,IN,JUSTBOOKS SOLUTIONS PRIVATE LIMITED,IN0016298642,scoreA
Beijing Capital Juda,CN,,,
Tiger Brokers,CN,TIGER BROKERS LIMITED,HK0024472665,scoreA
Qinbaobao,CN,,,
Muthoot Microfin,IN,MUTHOOT MICROFIN LIMITED,IN0008499722,scoreA
Fix Price,RU,LIMITED LIABILITY COMPANY FIX PRICE - LABINSK,RU10110758,scoreA
Shilpa Medicare,IN,SHILPA MEDICARE LTD,IN31594FI,scoreA
Atour Hotel,CN,,,
DaDaABC.com,CN,,,
Joyworks,CN,,,
ShopKirana E Trading,IN,SHOP KIRANA E TRADING PRIVATE LIMITED,IN0013888906,scoreA
LinkedSee,CN,,,
Hangzhou Timevale Information Technology,CN,,,
Beijing Yingjitong E-commerce,CN,,,
ZCL Chemicals,IN,ZCL CHEMICALS LIMITED,IN0000267355,scoreA
iXiandou,CN,,,
Kopernikus,RS,KOPERNIKUS DOO LJIG,RS17359827,scoreA
Aihuishou International,CN,AIHUISHOU INTERNATIONAL COMPANY LIMITED,HK0001016488,scoreA
Yello Mobile,KR,YELLOMOBILE INC.,KR1101114943109,scoreA
"Truck Alliance (56qq.cn, Huochebang)",CN,,,
No Va Land Investment Group,VN,NO VA LAND INVESTMENT GROUP CORPORATION,VN0301444753,scoreA
TopGene,CN,,,
Masha and the Bear,RU,MASHA AND THE BEAR LTD.,RU66425675,scoreA
ASK Group,IN,ASK GROUP,IN*Z00249473,scoreA
Adcock Ingram Healthcare,IN,,,
Lefit,CN,,,
Kaiyun Auto,CN,,,
Unifood,CL,,,
Orazul Energy,,ORAZUL ENERGY GROUP B.V.,NL34339078,scoreA
Woori Bank,KR,WOORI BANK,KR1101110023393,scoreA
NoBroker Technologies Solutions,IN,NOBROKER TECHNOLOGIES SOLUTIONS PRIVATE LIMITED,IN0013890766,scoreA
Toomics,KR,"TOOMICS CO.,LTD.",KR1101115405249,scoreA
Alkanza,MX,,,
Careem,AE,,,
Hayat Kimya Sanayi,TR,HAYAT KIMYA SANAYI ANONIM SIRKETI,TR275871F,scoreA
Oando Gas and Power (OGP),NG,,,
Vijaya Diagnostic,IN,VIJAYA DIAGNOSTIC PRIVATE LIMITED,IN0001060839,scoreA
ExplainEverything,PL,EXPLAIN EVERYTHING SP. Z O.O.,PL361506895,scoreA
Joy Orient Translational Medicine Research Center,CN,,,
Xishaoye Roujiamo,CN,,,
Timla Foods (PopiCorn),IN,,,
Laiye,CN,,,
Yunjiweidian,CN,,,
Yidaichu,CN,,,
Memebox,KR,MEMEBOX INC.,KR1101114407816,scoreA
Red Rubin/Minty Dot,PL,,,
Resfeber Labs (Porter),IN,,,
Pocket Aces Pictures,IN,POCKET ACES PICTURES PRIVATE LIMITED,IN0011860747,scoreA
Next Entertainment,TW,,,
Ten3T Healthcare,IN,TEN3T HEALTHCARE PRIVATE LIMITED,IN0012485637,scoreA
Evisu (China),CN,,,
KDDL (Kamla Dials),IN,,,
Gho Agro,IN,GHO AGRO PRIVATE LIMITED,IN0016205986,scoreA
Market Kurly,KR,,,
NEO Corporate,TH,NEO CORPORATE CO LTD,TH0105532106338,scoreA
Amandi Energy,GH,,,
Hyperflux Solutions (Comet),IN,,,
OfBusiness,IN,,,
Indifi Technologies,IN,INDIFI TECHNOLOGIES PRIVATE LIMITED,IN0015027759,scoreA
QuintoAndar,BR,QUINTO ANDAR SERVICOS IMOBILIARIOS LTDA (Alias: QUINTOANDAR),BR16788643000181,scoreA
Geosteering Technologies,RU,GEOSTEERING TECHNOLOGIES LTD,RU69533684,scoreA
Quickprint,CD,,,
Jamii Bora Bank,KE,JAMII BORA BANK LTD,KEFEB51955,scoreA
Maskota (+Kota),MX,,,
Hindustan Foods,IN,HINDUSTAN FOODS LIMITED,IN32099FI,scoreA
POM&CO,CN,,,
Beijing ZhiMaPai Technology,CN,"BEIJING ZHIMAPAI TECHNOLOGY CO., LTD",CN*Z00094113,scoreA
Microtech Medical,CN,,,
Revv,IN,,,
Haiqiu Technology,CN,,,
Arkel,TR,,,
Pangea,,PANGEA AD,BG831308908,scoreA
Shanghai Yimi Dida Supply Chain Management,CN,"SHANGHAI YIMIDIDA SUPPLY CHAIN MANAGEMENT CO., LTD",CN*Z00237914,scoreA
Hexagon Nutrition,IN,HEXAGON NUTRITION PRIVATE LIMITED,IN0007996745,scoreA
ZestMoney,IN,,,
Nubank,BR,,,
NeuroEquilibrium Diagnostic Systems (Advanced Vertigo and Balance Clinic),PK,,,
Ten Marina,SN,,,
Grupo Los Grobo,AR,GRUPO LOS GROBO SA,AR30-70851174-5,scoreA
GrandOmics Biosciences,CN,,,
KKday,TW,,,
Orben Comunicaciones,MX,ORBEN COMUNICACIONES SAPI DE CV,MXOCO9804024E6,scoreA
IguanaFix,AR,,,
Gourmet F&B Korea,KR,"GOURMET F&B KOREA CO.,LTD.",KR1101111546873,scoreA
Netcad,TR,,,
migme,SG,MIGME PTE. LTD.,SG200916009E,scoreA
Avant Energy,MX,,,
Adinath Agro Processed Foods,IN,ADINATH AGRO PROCESSED FOODS PRIVATE LIMITED,IN0000501184,scoreA
EVR Studio,KR,"EVR STUDIO CO.,LTD.",KR1101115948083,scoreA
Wusong Technology,CN,,,
Xbed,CN,,,
"Beijing Liangshi Wuji Technology (Wandougongzhu, Wonderfull)",CN,,,
Shenzhen Micro Vision Technology (Soouya),CN,,,
MSY Analytics Group,NG,,,
Shanghai Ibaby Network Technology,CN,,,
Core Diagnostics,IN,CORE DIAGNOSTICS PRIVATE LIMITED,IN0010400332,scoreA
IndiaLends,IN,,,
Kinedu,MX,KINEDU SAPI DE CV,MX*Z00268015,scoreA
Chazki,PE,,,
Uniko,MX,,,
Appier,TW,APPIER INC.,TW53102168,scoreA
Kilimo,AR,KILIMO SA,AR30-71510794-1,scoreA
Saleswhale,SG,SALESWHALE PTE. LTD.,SG201416294C,scoreA
Stronghold Technologies,KR,,,
Renewables Cookhouse Wind Farm 1,ZA,,,
JS Hamilton Poland,PL,J.S. HAMILTON POLAND S.A.,PL002893048,scoreA
Nu-Med Group,PL,NU-MED GROUP,PL*P0056636,scoreA
Blue Hills,ZA,BLUE HILLS (PTY) LTD,ZA195500028507,scoreA
Cinemad,AR,,,
Usaflex,BR,FENIX COMERCIO DE CALCADOS E MODAS EIRELI (Alias: USAFLEX),BR21971153000156,scoreA
Paylogic,MA,PAYLOGIC,MA216115-81,scoreA
Byte (Toutiao),CN,,,
Clip,MX,,,
InterEnergy Holdings,DO,,,
Amrod,ZA,AMROD CORPORATE SOLUTIONS (PTY) LTD (Alias: AMROD),ZA201622463007,scoreA
HR Food Processing (Raya Dairy),IN,,,
Pemex Exploracion y Produccion (PEMEX),MX,,,
Apollo Hospitals,IN,APOLLO HOSPITALS,IN*P0032907,scoreA
Intersport ISI,SI,"INTERSPORT ISI, PRODAJA SPORTNE OPREME IN OBLACIL, D.O.O. (Alias: INTERSPORT ISI, D.O.O.)",SI3666280,scoreA
Pulse,IN,PULSE,IN*Z00245680,scoreA
IQ Business,ZA,IQ BUSINESS (PTY) LTD,ZA200000469107,scoreA
Volt,TR,,,
Flex Contact Center,BR,,,
Tessol,IN,,,
DS365 Technology,CN,,,
AffordPlan,IN,,,
Arya Vaidya Pharmacy Coimbatore,IN,ARYA VAIDYA PHARMACY (COIMBATORE) LTD.,IN18-9,scoreA
Elazig Hospital,TR,,,
MonkeyBox Food Tech,IN,MONKEYBOX FOOD TECH PRIVATE LIMITED,IN0015097512,scoreA
Innovent Biologics,CN,"INNOVENT BIOLOGICS (SUZHOU) CO., LTD.",CN9367119754,scoreA
Get.place,PH,GETPLACE,PH*Z00245674,scoreA
Vedeng,CN,,,
Le Travenues Technology (ixigo),IN,,,
Math Buddy,IN,,,
Wholesalebox,NI,,,
K Auction,KR,K-AUCTION INC.,KR1101113306861,scoreA
dMed,CN,"DMED CO., LTD",CN*Z00246116,scoreA
Baoku.com,CN,,,
Jirnexu,MY,JIRNEXU SDN BHD,MY*Z00224285,scoreA
Xishaoye Roujiamo,CN,,,
Timla Foods (PopiCorn),IN,,,
Laiye,CN,,,
Yunjiweidian,CN,,,
Yidaichu,CN,,,
Memebox,KR,MEMEBOX INC.,KR1101114407816,scoreA
Red Rubin/Minty Dot,PL,,,
Resfeber Labs (Porter),IN,,,
Pocket Aces Pictures,IN,POCKET ACES PICTURES PRIVATE LIMITED,IN0011860747,scoreA
Next Entertainment,TW,,,
Ten3T Healthcare,IN,TEN3T HEALTHCARE PRIVATE LIMITED,IN0012485637,scoreA
Evisu (China),CN,,,
KDDL (Kamla Dials),IN,,,
Gho Agro,IN,GHO AGRO PRIVATE LIMITED,IN0016205986,scoreA
Market Kurly,KR,,,
NEO Corporate,TH,NEO CORPORATE CO LTD,TH0105532106338,scoreA
Amandi Energy,GH,,,
Hyperflux Solutions (Comet),IN,,,
OfBusiness,IN,,,
Indifi Technologies,IN,INDIFI TECHNOLOGIES PRIVATE LIMITED,IN0015027759,scoreA
QuintoAndar,BR,QUINTO ANDAR SERVICOS IMOBILIARIOS LTDA (Alias: QUINTOANDAR),BR16788643000181,scoreA
Geosteering Technologies,RU,GEOSTEERING TECHNOLOGIES LTD,RU69533684,scoreA
Quickprint,CD,,,
Jamii Bora Bank,KE,JAMII BORA BANK LTD,KEFEB51955,scoreA
Maskota (+Kota),MX,,,
Hindustan Foods,IN,HINDUSTAN FOODS LIMITED,IN32099FI,scoreA
POM&CO,CN,,,
Beijing ZhiMaPai Technology,CN,"BEIJING ZHIMAPAI TECHNOLOGY CO., LTD",CN*Z00094113,scoreA
Microtech Medical,CN,,,
Revv,IN,,,
Haiqiu Technology,CN,,,
Arkel,TR,,,
Pangea,,PANGEA AD,BG831308908,scoreA
Shanghai Yimi Dida Supply Chain Management,CN,"SHANGHAI YIMIDIDA SUPPLY CHAIN MANAGEMENT CO., LTD",CN*Z00237914,scoreA
Hexagon Nutrition,IN,HEXAGON NUTRITION PRIVATE LIMITED,IN0007996745,scoreA
ZestMoney,IN,,,
Nubank,BR,,,
NeuroEquilibrium Diagnostic Systems (Advanced Vertigo and Balance Clinic),PK,,,
Ten Marina,SN,,,
Grupo Los Grobo,AR,GRUPO LOS GROBO SA,AR30-70851174-5,scoreA
GrandOmics Biosciences,CN,,,
KKday,TW,,,
Orben Comunicaciones,MX,ORBEN COMUNICACIONES SAPI DE CV,MXOCO9804024E6,scoreA
IguanaFix,AR,,,
Gourmet F&B Korea,KR,"GOURMET F&B KOREA CO.,LTD.",KR1101111546873,scoreA
Netcad,TR,,,
migme,SG,MIGME PTE. LTD.,SG200916009E,scoreA
Avant Energy,MX,,,
Adinath Agro Processed Foods,IN,ADINATH AGRO PROCESSED FOODS PRIVATE LIMITED,IN0000501184,scoreA
EVR Studio,KR,"EVR STUDIO CO.,LTD.",KR1101115948083,scoreA
Wusong Technology,CN,,,
Xbed,CN,,,
"Beijing Liangshi Wuji Technology (Wandougongzhu, Wonderfull)",CN,,,
Shenzhen Micro Vision Technology (Soouya),CN,,,
MSY Analytics Group,NG,,,
Shanghai Ibaby Network Technology,CN,,,
Core Diagnostics,IN,CORE DIAGNOSTICS PRIVATE LIMITED,IN0010400332,scoreA
IndiaLends,IN,,,
Kinedu,MX,KINEDU SAPI DE CV,MX*Z00268015,scoreA
Chazki,PE,,,
Uniko,MX,,,
Appier,TW,APPIER INC.,TW53102168,scoreA
Kilimo,AR,KILIMO SA,AR30-71510794-1,scoreA
Saleswhale,SG,SALESWHALE PTE. LTD.,SG201416294C,scoreA
Stronghold Technologies,KR,,,
Renewables Cookhouse Wind Farm 1,ZA,,,
JS Hamilton Poland,PL,J.S. HAMILTON POLAND S.A.,PL002893048,scoreA
Nu-Med Group,PL,NU-MED GROUP,PL*P0056636,scoreA
Blue Hills,ZA,BLUE HILLS (PTY) LTD,ZA195500028507,scoreA
Cinemad,AR,,,
Usaflex,BR,FENIX COMERCIO DE CALCADOS E MODAS EIRELI (Alias: USAFLEX),BR21971153000156,scoreA
Paylogic,MA,PAYLOGIC,MA216115-81,scoreA
Byte (Toutiao),CN,,,
Clip,MX,,,
InterEnergy Holdings,DO,,,
Amrod,ZA,AMROD CORPORATE SOLUTIONS (PTY) LTD (Alias: AMROD),ZA201622463007,scoreA
HR Food Processing (Raya Dairy),IN,,,
Pemex Exploracion y Produccion (PEMEX),MX,,,
Apollo Hospitals,IN,APOLLO HOSPITALS,IN*P0032907,scoreA
Intersport ISI,SI,"INTERSPORT ISI, PRODAJA SPORTNE OPREME IN OBLACIL, D.O.O. (Alias: INTERSPORT ISI, D.O.O.)",SI3666280,scoreA
Pulse,IN,PULSE,IN*Z00245680,scoreA
IQ Business,ZA,IQ BUSINESS (PTY) LTD,ZA200000469107,scoreA
Volt,TR,,,
Flex Contact Center,BR,,,
Tessol,IN,,,
DS365 Technology,CN,,,
AffordPlan,IN,,,
Arya Vaidya Pharmacy Coimbatore,IN,ARYA VAIDYA PHARMACY (COIMBATORE) LTD.,IN18-9,scoreA
Elazig Hospital,TR,,,
MonkeyBox Food Tech,IN,MONKEYBOX FOOD TECH PRIVATE LIMITED,IN0015097512,scoreA
Innovent Biologics,CN,"INNOVENT BIOLOGICS (SUZHOU) CO., LTD.",CN9367119754,scoreA
Get.place,PH,GETPLACE,PH*Z00245674,scoreA
Vedeng,CN,,,
Le Travenues Technology (ixigo),IN,,,
Math Buddy,IN,,,
Wholesalebox,NI,,,
K Auction,KR,K-AUCTION INC.,KR1101113306861,scoreA
dMed,CN,"DMED CO., LTD",CN*Z00246116,scoreA
Baoku.com,CN,,,
Jirnexu,MY,JIRNEXU SDN BHD,MY*Z00224285,scoreA
