match_name|player_name|score
|3 Oaks Liberia|-1
|31 Hui Yi|-1
|360 Health|-1
|3VJIA|-1
|4th Paradigm|-1
|51offer|-1
CCCC THIRD HARBOR ENGINEERING CO., LTD.|6B Engineering and Metal Works|55
|8 Digits|-1
|AAR|-1
|Abagold|-1
|Abra|-1
|Abril|-1
ADANI WILMAR LIMITED|Abuloma Limited|69
|ACCELERIX|-1
KIT FINANCE TRADE ( LIMITED LIABILITY COMPANY )|Access Finance|67
INVERSIONES CMPC S.A.|Access Universe|57
TIM CELULAR S.A.|ACL Teslim|56
|Acorn|-1
|Acover|-1
|Acuvu|-1
|ACWA  Bokpoort|-1
CLARO S.A.|Adaro|57
LI & FUNG LIMITED|Adex Advertising Express Limited|64
|ADN|-1
ANDRE MAGGI PARTICIPACOES S/A|Adriatica Conect|53
|Advantek|-1
"PJSC ""AEROFLOT"""|Aeroflex|57
|Afbeko|-1
TIANYI TELECOM TERMINALS COMPANY LIMITED|Africa Terminals Co|64
|africaJUICE|-1
FCA POLAND S.A.|African Pride|52
|AfricaTel (PT)|-1
ALPIQ ENERGY SE|Afrique Emergenc|58
|Afromeric|-1
CLARO S.A.|AGH labels|53
AURORA TRADING CO LTD|Agora Mall Ltd|57
IRFAN AGRO FOODS PRIVATE LIMITED|Agrifos Kingpie Limited|73
AGROKOR D.D.|Agrow|57
COMUNICACION CELULAR S.A.|Aguas Mexicans|53
|AirGo|-1
CAPITAL AIRPORT HOLDING COMPANY|Airport Shoppes|64
|AirTV|-1
RUSSIAN ALUMINIUM|AIST-Russia|64
|Aizant|-1
|Ajani|-1
|AKG Gazbeton|-1
ALPHA BANK A.E.|Alazani 2|52
CENCOSUD INTERNACIONAL LTDA|Alcance Integral - GRS|51
XIAMEN AIRLINES|Allied Catering|53
|Alternativa|-1
OOCL UK BRANCH|AltSchool|52
|Amak|-1
BEIJING ENTERPRISES WATER GROUP LIMITED|Amandla Water|56
ERICO DO BRASIL COMERCIO E INDUSTRIA LTDA|Ambar Industria|75
|Amerimed|-1
|AMK MFI|-1
|Amoun Pharma|-1
|AMR|-1
|Andela|-1
|Aninwah|-1
|Anoud|-1
COPERSUCAR S.A.|Anti-cancer Guard|52
|Appscotch|-1
|Aqua Tudaqul|-1
HUAWEI INVESTMENT & HOLDING CO., LTD.|Aqualyng Holding|61
|Arabela|-1
|Arabia Weather|-1
TECH MAHINDRA LIMITED|Archindra JustEa|54
|AREFCO Acapulco|-1
ALIPAY.COM CO., LTD.|Arinpa Homebuild|55
LIMITED LIABILITY COMPANY CREDIT SUISSE SECURITIES (MOSCOW)|Arnur Credit|67
|Arohan|-1
|Arohan|-1
|Arzum|-1
|Ashoka Bhandara|-1
|Ashoka Concess|-1
BAILIAN GROUP CO., LTD.|Asia Potash Grou|56
AUSIRIS CO LTD|Asiasoft|55
|Asirvad|-1
|Assured Labor|-1
|Astrim|-1
|Asusu Niger|-1
|AT ASSAD|-1
|ATA Hospitals|-1
ALPIQ ENERGY SE|Atlas Renewable Energy|59
|Atopco|-1
|Aurowell|-1
FAW-VOLKSWAGEN AUTOMOTIVE CO., LTD.|Automative Solns|54
|Aver|-1
|AWI|-1
HUAWEI INVESTMENT & HOLDING CO., LTD.|Awind Holding|70
|Axxend|-1
CHAOWEI POWER HOLDINGS LIMITED|Azura Power Holdings Ltd|74
JOINT STOCK COMPANY THE STATE EXPORT-IMPORT BANK OF UKRAINE|BAC Ukraine|78
|BACP Sofipe|-1
OOCL UK BRANCH|Bac-Pol|57
|Balik|-1
|Baltic Pork|-1
|BAN|-1
CGN POWER CO., LTD|Banco Promerica DR|59
|Bancofianza|-1
|Bank Evropeiskij|-1
|Baru|-1
|BBI Plus|-1
|BCR Rwanda|-1
BYD AUTO CO., LTD.|BD Agri Tech C|55
BIZNES-FINANS|Be Fit|53
BEIJING JINGDONG CENTURY TRADING CO., LTD.|Beijing Biocytog|61
BELLE INTERNATIONAL HOLDINGS LIMITED|Belle|100
|Beloor Bayir|-1
|Belstar|-1
CHINA MEDICAL SYSTEM HOLDINGS LIMITED|BenQ Medical|74
|Berggram|-1
|BHI|-1
|Big Chefs|-1
|Biocytogen|-1
|BioGill|-1
|Birima|-1
|Bite|-1
|BLL Mezz|-1
|Bloomboard|-1
COFCO BRASIL S.A|Bo s Coffee|52
|BOA Kenya|-1
|BOAK|-1
|BOAT|-1
|BOAU|-1
BRIJ BHOOMI EXPRESSWAY PRIVATE LIMITED|"Border Media Partners (""BMP"")"|51
|Botofogo|-1
|BRA|-1
ENEL BRASIL S.A|Brainly|55
OOCL UK BRANCH|Brandcorp|52
|Brawijaya|-1
|BRICo|-1
|Brightbytes|-1
|Brilliant|-1
|Brookfld Hilltop|-1
|Brookhouse|-1
|Brookside|-1
|Buildmax|-1
|Buildworks|-1
QATAR AIRWAYS GROUP Q.C.S.C.|Bunker's Group|67
NANNING RAILWAY BUREAU|Bunnings HHL|53
CHINA ENERGY ENGINEERING CORPORATION LIMITED|Burren Energy|63
|Busby|-1
|Busby|-1
|BusLeasingKazak|-1
CHONGQING CHEMICAL & PHARMACEUTICAL HOLDING (GROUP) COMPANY|C Pharmaceutical|93
HUAWEI INVESTMENT & HOLDING CO., LTD.|Cables Holding|67
|Caijing|-1
|CambridgeMedical|-1
|Camran|-1
|Canvest|-1
|CAOS Apparels|-1
|CAP - Tunisia|-1
FENGFAN CO., LTD.|CAP Senegal|56
|Capa de Ozono|-1
|Cape Olive|-1
|Cape Pine|-1
|CAPETEL|-1
|Capic Hexagon|-1
TENCENT HOLDINGS LIMITED|Carbon Holdings|70
TENCENT HOLDINGS LIMITED|Carbon Holdings|70
|CardTek|-1
|Caritas|-1
KAZTSINK|Carsing|53
|Carthero|-1
|CBG Compagnie de Bois Du Gabon|-1
|CCS Ceska|-1
TENCENT HOLDINGS LIMITED|CDH Holdings|80
|CEAL|-1
|CeasarMex|-1
|Cecilia|-1
BIZNES-FINANS|CEECAT Finans|63
TENCENT HOLDINGS LIMITED|CEECAT Holdings|70
TENCENT HOLDINGS LIMITED|Cellcom Holdings|67
|Celsol|-1
|Celtel|-1
|CEMAR|-1
CGN POWER CO., LTD|Cenpower Ltd|79
GE INFRASTRUCTURE CENTRAL & EASTERN EUROPE HOLDING KORLATOLT FELELOSSEGU TARSASAG|Central Lav|78
GE INFRASTRUCTURE CENTRAL & EASTERN EUROPE HOLDING KORLATOLT FELELOSSEGU TARSASAG|Central Parking|64
HCL EAGLE LIMITED|Centrale Laitier|55
|Cepro|-1
|Ceprodel|-1
COPERSUCAR S.A.|Ceramica S.A|69
GRAND PETROCHEMICAL CO., LTD.|CGE Grand|71
|Chanero|-1
|Charlestown|-1
ALPHA BANK A.E.|Chase Bank Ke|59
CHINA RESOURCES CO., LTD.|CHC China|71
CNOOC CHINA LIMITED|Chemica Limited|71
FIORA SERVICES LIMITED|Chilon Security Services|57
CHINA FOODS LIMITED|China Digitone|67
CHINA EVERGRANDE GROUP|China Kanghui|57
HUADIAN COAL INDUSTRY GROUP CO., LTD.|China Tuna Industry Group Holdin|73
|Chuchujie|-1
|Ciel Healthcare|-1
|Ciel Healthcare|-1
SIG SIA|CISG|55
|Citivox|-1
|Ciudad Victoria|-1
|CKC|-1
|cKers|-1
XIAMEN AIRLINES|Cleanline Linen|60
|Cleopatra Hosp|-1
|Clickonero|-1
LIMITED LIABILITY COMPANY CREDIT SUISSE SECURITIES (MOSCOW)|Climb Credit|67
|CMF  STEOTI|-1
|COAC Jardin|-1
|Codoon|-1
|Coins|-1
|Comat|-1
|Comunidades|-1
CONCORD INVESTMENT (CHINA) CO., LTD.|Concord Enviro|67
|Connect|-1
TOYOTA MOTOR THAILAND CO LTD|Cont. Milano|51
CONTINENTAL AUTOMOTIVE CZECH REPUBLIC, S.R.O.|Continental Mach|81
CONTINENTAL AUTOMOTIVE CZECH REPUBLIC, S.R.O.|Continental Outdoor Media|61
|Controladora II|-1
ZIJIN COPPER CO., LTD.|Convert.com|53
|Convertergy|-1
|Cookhouse|-1
ANBANG PROPERTY & CASUALTY INSURANCE CO., LTD.|Corner Insurance|72
CPC CORPORATION, TAIWAN|Cornerstone_CAPIC Fund|55
TRINA SOLAR CO., LTD.|Cosse-ter Ltd|65
|Cotech|-1
CHINA NATIONAL BUILDING MATERIAL COMPANY LIMITED|CPS Building Con|67
|Crecer Bolivia|-1
|Crederity|-1
LIMITED LIABILITY COMPANY ATON|Credibility A.T|53
|CrediCampo|-1
|Crezcamos|-1
|Ctrip|-1
|Cywee|-1
|Daawat|-1
|DAC NPL Pool|-1
|Dalio/Avis|-1
CHINA SHIPPING GROUP COMPANY|DalRybProm Fishing Company|63
|DataSpace|-1
|DayHR|-1
|DCM|-1
|Deacons|-1
|Deep Drilling|-1
|Delifrost|-1
|Deltaridge|-1
|DFM|-1
|DGCity Beauty|-1
|Dianwoba|-1
|Diaspora Design|-1
SKYWORTH DIGITAL HOLDINGS LIMITED|Digital Domain|67
HUANENG POWER INTERNATIONAL, INC.|Ding Ji International|76
|Directel|-1
|DISA|-1
|Distressed pool|-1
|DIY|-1
|Doga Schools|-1
|Dominos Pizza|-1
GOME RETAIL HOLDINGS LIMITED|Douala Retail|63
VIPSHOP (CHINA) CO., LTD.|Dr Pius Chilonda|56
|Dream 11|-1
|Dreamlabs|-1
PRADA S.P.A.|Dufa Romania SRL|52
|DUMMY - Medall|-1
|Durja|-1
|Dynamic FM|-1
|E2E infra|-1
|Ealong Biotech|-1
KAZTSINK|Easyhin|53
CGN POWER CO., LTD|Eaton Towers Ltd|62
|Ebes|-1
|EcoBank Trans...|-1
|Ecospan|-1
|Edmodo|-1
|Educents|-1
|EduPristine|-1
FENGFAN CO., LTD.|EEA Kenya Ltd|59
|EFFCO Soln|-1
|Ehoutai|-1
|eJiuPi|-1
|Eleni Gabre|-1
|Elohim|-1
|Elris|-1
|Elton Int|-1
|EM Bonds|-1
|Emilda C Kotokwa|-1
|Empower|-1
|Empowerex Trd|-1
|Encognition|-1
|Encube|-1
|Engro Asahi|-1
|EnviroServe|-1
|Envizio, Inc.|-1
|EPL|-1
|Equator Apparels|-1
|Equitas MFI|-1
|Ergos|-1
|ESPRIT Tunis|-1
BEIJING JINGDONG CENTURY TRADING CO., LTD.|Estrell Trading Co|71
TAIWAN POWER COMPANY|ETI (Ecobank)|52
CNMC ALBETTER ALBRONZE CO., LTD.|eTranzact G Ltd|55
CRBS S/A|Ets BIS|53
|Europlan|-1
|Everest Edusys|-1
|Evolvence|-1
SINOPEC SALES CO., LTD.|Exact Sales|62
XIAMEN AIRLINES|Exim Bank Vietna|52
|ExpertPhoto|-1
|Exploramed|-1
|Extended Suites|-1
|Extong|-1
|Ezysolare|-1
|Fabrar Rice|-1
CHINA CINDA ASSET MANAGEMENT CO., LTD|Facility Management Co.|74
|FADES|-1
AUSIRIS CO LTD|Fairfield|52
|Falcon|-1
|Fasten|-1
BEIJING JINGDONG CENTURY TRADING CO., LTD.|Fawaz Trading|70
|Fawry|-1
|FDD|-1
FENGFAN CO., LTD.|Fengguang BioFan|53
|FERCO|-1
LA SOCIETE A RESPONSABILITE LIMITEE AUCHAN|Ferlo Societe|70
|FFM/FestivalMall|-1
|FibreCo|-1
SONANGOL, EP - SOCIEDADE NACIONAL DE COMBUSTIVEIS DE ANGOLA|Fibrex Angola|63
CHINA CONSTRUCTION FIFTH ENGINEERING DIVISION CO., LTD.|Fifth Season|59
|Fillr|-1
KIT FINANCE TRADE ( LIMITED LIABILITY COMPANY )|Finance Salone|67
KIT FINANCE LTD|Finapack|52
|Finestrella|-1
|Fintech Innovation Program|-1
FIRST GULF BANK PJSC|First City Bank|80
|First Hydro FHN|-1
|First Hydro FHN|-1
|Flareum|-1
|FLASHHOLD|-1
|Flemingo|-1
|Fluent City|-1
|FM Plastic|-1
DELL (CHINA) CO., LTD.|Fogo de Chao|55
|Folti|-1
|Food Svc HORACEA|-1
|Forecast|-1
CHINA RESOURCES POWER INVESTMENT COMPANY LIMITED|Frank & T Investment Limited|82
|Fruehauf|-1
CHINA UNITED NETWORK COMMUNICATIONS CORPORATION LIMITED|Funshion Network|61
SIMON INDIA LIMITED|Futian (Midsino)|55
|Futurus|-1
|FVCI|-1
|Gameplay|-1
GLOBAL BRANDS GROUP HOLDING LIMITED|Gap Year Global|57
|Garden City Business Park|-1
|Gate Healthcare Pak|-1
|GATEX|-1
|G-banker|-1
PETROLEOS MEXICANOS|GEB Gimnasios Americanos|56
|Gee Fresh|-1
HUAWEI INVESTMENT & HOLDING CO., LTD.|Geeks Holding|70
|Geli|-1
|GEMET|-1
ALPIQ ENERGY SE|Geneze S.A.|56
|GENHIDRO|-1
|Gerant de Leternel|-1
PERTAMINA, PT (PERSERO)|Gerber Plant|56
|GJEL|-1
|GJRL|-1
|Glowship|-1
|glrl|-1
|GMR|-1
SHENHUA TRADING GROUP EAST ENERGY CO., LTD.|GNG East|67
|Gogo Time|-1
|Golden Lay|-1
|Golf Ice Cream|-1
LONGFOR PROPERTIES CO. LTD.|Green Alternative properties ltd|72
NORTHERN POWER CORPORATION|Green Power Corp|67
|Greensync|-1
|GroGhana|-1
|GroKenya|-1
NIGERIA LNG LIMITED|GroNigeria|55
AGROKOR D.D.|GroRwanda|56
|GroSouth|-1
|GroTanz|-1
|GroUganda|-1
NOBLE GROUP LIMITED|Group M&N|71
|GroZambia|-1
CHINA ENERGY ENGINEERING CORPORATION LIMITED|GSR Energy|75
|GTA|-1
|Guardian (GNPL)|-1
|GUEL|-1
|Guiyang Huochebang|-1
ZHEJIANG HENGYI GROUP CO., LTD.|Gushengtang|51
|GVL Homebuilding|-1
|Handy|-1
|Haplox|-1
|Hazelcast|-1
|HCM|-1
|HCM Retailer|-1
|HDC|-1
HAILIANG GROUP CO., LTD.|Headland Corp.|65
|Helios Towers AF|-1
|Hexis|-1
|HFC|-1
VIETTEL GROUP|Higher Ground|54
SANDS CHINA LTD|Hildebrando|54
|HiPT|-1
TINGYI (CAYMAN ISLANDS) HOLDING CORPORATION|HMY cayman|75
|Hope Bakery|-1
|Hotels In.|-1
|HRLV|-1
HUANENG POWER INTERNATIONAL, INC.|Huaneng|100
|HYCO SARL|-1
|Hygrotech|-1
|Hyperkey|-1
LI & FUNG LIMITED|I & G Tech (ITS)|52
|IATAI|-1
SODIMAC SA|ICMC Cambodia|52
|iDwala|-1
|IEX|-1
|IEX|-1
|IFB (education)|-1
|IFMR (KGFS)|-1
CHINA RESOURCES CO., LTD.|IGE Resources|82
|IHH-USS|-1
|IHS Fund II SA  PVE|-1
|IHS Fund II SA Rental Trust 4|-1
HUAWEI INVESTMENT & HOLDING CO., LTD.|IHS Holding Ltd|85
HUAWEI INVESTMENT & HOLDING CO., LTD.|IHS Holding Ltd|85
HUAWEI INVESTMENT & HOLDING CO., LTD.|IHS Holding Ltd|85
|IMCH3|-1
|Impartus|-1
|Impremerie|-1
|IndiaMart|-1
|Indo Minerals|-1
NIGERIA LNG LIMITED|Indorama Nigeria|61
|Infopress|-1
|Innov|-1
|Inocur|-1
|Intaj|-1
|Intellicare|-1
|Intercity|-1
|InterMIMS|-1
|Interswitch|-1
|Interswitch|-1
|Intrapex|-1
|Invenlux|-1
|IPC 1|-1
|IPC 2|-1
TENCENT HOLDINGS LIMITED|Irrico Holdings|70
|Issco SARL|-1
|Itero|-1
KIT FINANCE LTD|ITHL (CAFIC)|56
|Jabi Lake NigCo|-1
|Jacques RTA|-1
JAGUAR LAND ROVER (CHINA) INVESTMENT CO., LTD.|Jaguar Animal|63
|Janalakshmi|-1
|Jayapore|-1
HUACHEN AUTOMOTIVE GROUP HOLDINGS CO., LTD.|JBL Holdings Ltd|86
BEIJING JINGDONG CENTURY TRADING CO., LTD.|JD Trading|82
|JFSL|-1
|JHIL|-1
|Jiezhen|-1
|JM Floating Rate|-1
|Joara-Nayagaon|-1
|JTRCL|-1
CLARO S.A.|Juxta Labs|53
|Kadopub Sarl|-1
KAZTSINK|Kadrik|57
HUAWEI INVESTMENT & HOLDING CO., LTD.|Kalikuti Investment|69
|Kathu CSP|-1
PETROCHINA COMPANY LIMITED|Kayak Limited|70
|Kayalar|-1
CHINA MEDICAL SYSTEM HOLDINGS LIMITED|Kemer Medical|70
|Kennedy Matashi|-1
|Kensta|-1
|Kevro|-1
|Kharabeesh|-1
TEKHNOSNAB|Khobab|62
TENCENT HOLDINGS LIMITED|Kiboko Holdings|70
|Kickstart Peru|-1
|Kid Admit|-1
|Kids Fun Plaza|-1
CHINA WANDA GROUP CO., LTD.|Kinangop Wind|54
|KLN|-1
CHINA RESOURCES CO., LTD.|Knets China|62
|Koba|-1
|Konfio|-1
SHUI ON LAND LIMITED|Korsando Limited|67
|Koubei|-1
|KPPL|-1
|Kredivo|-1
|Kris Star Lodge|-1
KIT FINANCE TRADE ( LIMITED LIABILITY COMPANY )|KT Finance|82
|KTG|-1
FAST RETAILING CO., LTD|Kungfu Fast Food|54
KONE ELEVATORS CO., LTD.|Kunoch Hotels Lt|54
|KVTC|-1
|KWFT|-1
AUSIRIS CO LTD|LA Airports Hold|53
TRINA SOLAR CO., LTD.|La Trinidad|55
|Lamani Boat|-1
|Lantern Mall|-1
|Lape|-1
|LAPO MFI|-1
TCL MULTIMEDIA TECHNOLOGY HOLDINGS LIMITED|Lasta Multimedia|77
CLARO S.A.|Laurus|53
CRBS S/A|LCBS Dhaka|56
|Le Genie|-1
SANPOWER GROUP CO., LTD.|Learners Guild|51
|Lejack|-1
STATE GRID FUJIAN ELECTRIC POWER CO., LTD.|Lekki Blue Water_ CAPIC Fund|51
|Lemchabang Port|-1
|L'Equipe Monteur|-1
|Les Elites|-1
|Lexander|-1
LONGFOR PROPERTIES CO. LTD.|LF Properties Development CC|68
|Li Tong|-1
|Liberia Woodwork|-1
CK ASSET HOLDINGS LIMITED|Light E Holding|65
|Lilas|-1
|Lincoln Lub|-1
|Linetrale|-1
|LinkDoc|-1
|LittleBits|-1
|Live Ad|-1
|Livspace|-1
|Lufax|-1
|LunchOn|-1
NWS HOLDINGS LIMITED|Lymex Hldgs|58
CHINA CINDA ASSET MANAGEMENT CO., LTD|M  K Property Management|61
CRBS S/A|M Star Melchers|52
|M&E Leasing|-1
|MA Herimalala|-1
|Mabtech|-1
|Madaltax|-1
|Madame Figaro|-1
|Magnesita|-1
|Maize Milling|-1
|MakeSchool|-1
|Malucelli|-1
SHANGHAI HECHENG INTERNATIONAL TRAVEL AGENCY CO., LTD.|Mango Ad Agency|57
|Manipal|-1
|ManoRiver|-1
|Mansard|-1
|Marche Multirasa|-1
|Mardil Med|-1
|MArillion II|-1
XIAMEN AIRLINES|Marillion Pharma|52
|Master Change|-1
|Maxaren|-1
HUAWEI INVESTMENT & HOLDING CO., LTD.|Maxcard Holding|64
|Maximum Test|-1
AGROKOR D.D.|Maykor|53
|Mbuyuy|-1
|Medecines Nuit|-1
|MEDIFAR|-1
RELIANCE RETAIL LIMITED|Mega Lifescience|51
NIKE SPORTS (CHINA) CO., LTD.|Megaport Int'l|53
|Mentor|-1
|Mercatus|-1
|MexVi|-1
KIT FINANCE LTD|MFM Fnancial|52
|MFX|-1
TECH MAHINDRA LIMITED|MIBL (Mahindra)|76
|Microinvest Loan|-1
|Micurx Pharma|-1
|Mimosa Goodlife|-1
|Minerva Project|-1
|Mingtang|-1
|Mira-Ceti|-1
JINKO SOLAR CO., LTD.|Mirkala Solar|58
|MissionU|-1
|MKL|-1
|MLE|-1
|Mobalytics|-1
|Mobilio|-1
|MOBISOL TAN|-1
|Moglix|-1
|Mojing|-1
|Momao|-1
MUMT|Momenta|55
CHINA FOODS LIMITED|monte carlo fash|51
|Morvigor|-1
|Mowdok|-1
KIT FINANCE LTD|Mpower Financing|52
|MTNN|-1
MUMT|MUA|57
TECH-COM (SHANGHAI) COMPUTER CO., LTD.|Muller Tech|53
|Mutandis Morocco|-1
|MyNFO|-1
|MyTherapist|-1
|N-50 Underlying|-1
|Nafith|-1
|NAHHG - Egypt|-1
|NAHHG - Tunisia|-1
|Naochuanyue|-1
|Napo Pharma|-1
|NDEP|-1
CLARO S.A.|Negros Nav|53
|NeoGrowth|-1
|Neozeka|-1
|Nepra|-1
|Netcad|-1
|New Force|-1
|New Horizon Health|-1
|NewGlobe Schools|-1
|Newspeed|-1
|Newswire 18|-1
|Nexchem|-1
|NFCH|-1
|NFWare|-1
CHINA PINGMEI SHENMA ENERGY AND CHEMICALS GROUP CO., LTD.|N-G Chemicals|82
|NGM|-1
HUAWEI INVESTMENT & HOLDING CO., LTD.|NGN Investment|83
AURORA TRADING CO LTD|NGO Aurora ABSL|57
AURORA TRADING CO LTD|NGO Aurora ABSL|57
NORTHERN POWER CORPORATION|Northern Lights|70
TIPSONS FINANCIAL SERVICES PRIVATE LIMITED|Northstar Financial Service|58
|Nova (Farutex)|-1
TENCENT HOLDINGS LIMITED|NP Holdings|84
BIZNES-FINANS|NQ (Vinasun)|52
|NRJ|-1
HUAWEI INVESTMENT & HOLDING CO., LTD.|Nsero Investment|77
|NSIA AGCI|-1
BOON RAWD TRADING CO LTD|NT Okawa Trading CC|65
|Nu Tread|-1
|NUTV|-1
|Nuvia|-1
|Oasis Kazakhstan|-1
|Obilet|-1
|Octonion|-1
STATE GRID LIAONING ELECTRIC POWER SUPPLY CO., LTD.|Off Grid Electric Ltd|89
GCAP CO LTD|OGPL|53
|OK Xueche|-1
VIETTEL GROUP|OKIL Group|70
|Omniacom|-1
TECH-COM (SHANGHAI) COMPUTER CO., LTD.|On Tech|73
|Oncologie Diagnostic Maroc_ODM|-1
SIG SIA|Opus Sign|62
CRRC GROUP CO., LTD.|Oragroup|56
|Orca|-1
|Oriard|-1
ORIENT OVERSEAS (INTERNATIONAL) LIMITED|Orient Ltd|75
|Orion Cleaning|-1
|OSG|-1
TENCENT HOLDINGS LIMITED|Other holdings|73
FIH MOBILE LIMITED|Other Listed|53
|Outschool|-1
|Oxus Tajikistan|-1
|P2K homebuilding|-1
GCAP CO LTD|Pac Comm SL|55
CATHAY PACIFIC AIRWAYS LIMITED|Pacific Meinouke|61
|Pajah|-1
|Paladippsa|-1
|Pangea Diamonds|-1
SODIMAC SA|Papa Sola|53
ENEL BRASIL S.A|Parallels|58
|Parasut|-1
CV PROTEK FIRM|Park Cafe|52
|Paysense|-1
|Paystream|-1
|Penkon|-1
ACCENTURE SOLUTIONS PRIVATE LIMITED|People Productivity Solution PPS|54
|Peoplise|-1
TRINA SOLAR CO., LTD.|Petrolatina|55
|PFT|-1
|Pharmacie Rako|-1
|PHESI|-1
|Photomath|-1
|Phyma Fresh Prod|-1
VIETTEL GROUP|Picsel Group|72
VIETTEL GROUP|Pinetree Group|74
BYD AUTO CO., LTD.|Planet Pty Ltd|55
JOINT-STOCK COMPANY VTB CAPITAL|Planor Capital|67
SHANGTEX HOLDING CO., LTD.|PlayCo Holding ltd Startzplay|65
|Plum|-1
|Plumblink|-1
|PM Homes|-1
|Poly Taoufik|-1
|Polymeres|-1
|Pomelo|-1
|Popshop|-1
|Popshop|-1
|Popular (PPL)|-1
|Porini|-1
HEXING GROUP SUZHOU HEYI ELECTRONIC CO., LTD.|Precise Suzhou|60
|Prestanic|-1
|Pride Tanzania|-1
|Primedia|-1
|Primedic|-1
|Primoyre Fishing Project|-1
|Proambi|-1
PETROLEOS MEXICANOS|Project 8ins|52
CV PROTEK FIRM|Project ACF|56
"PJSC ""AEROFLOT"""|Project Arrow|54
|Project Bloks|-1
|Project GTel|-1
|Project Pink|-1
GAZPROMNEFT - TSENTR|Promed SPRL|55
CV PROTEK FIRM|Promedis & CMLIM|57
ENERGORINOK DP|Prominox|55
|Pronet|-1
|Pronto!|-1
|Propalma|-1
|ProSky|-1
|Provus Romania|-1
|PT Cipta Retail Prakarsa|-1
DENTSPLY INTERNATIONAL INC.|PT Mount Scopus International|67
DENTSPLY INTERNATIONAL INC.|PT Mount Scopus International|67
|PT. IBS|-1
|PTT Family F&B Singapore|-1
|PYYX|-1
|QFI|-1
|Qiakr|-1
|QILI|-1
|QSR|-1
|QTVT|-1
|Quick Print|-1
|RaceGame|-1
|Ramanas|-1
|Rameda|-1
|Rancher Labs|-1
|RDIL|-1
|RE Connect|-1
|Ready Planet|-1
GLENCORE CHINA LTD.|Red Cap DevCo|58
|RedDoorz|-1
|REDI Platform|-1
|Reef Hout|-1
|Regimanuel|-1
LLC GAZPROMNEFT REGIONAL SALES|Regional Cellula|67
HCL COMNET LIMITED|Reliable Concret|53
|Rentandes|-1
|Restaurant 3 Sty|-1
|Reva Drilling|-1
|Revive|-1
|Rhobomile|-1
|Rhythm Image Media|-1
|Ribquark|-1
|Richcore|-1
|Riggs Ventire  WA|-1
|Rinac|-1
|riskdata|-1
FLOWINVEST CIA SECURITIZADORA|River Security|51
|Riziki Kimilili|-1
RGL GROUP CO., LTD.|RMG Concept|52
|Robby|-1
|Robins Park|-1
|Robinson|-1
ARCELORMITTAL POLAND S.A.|Rocklands Mills|51
|RomHldg-DragnStr|-1
|RomRealEstate|-1
|Rotomag|-1
|Rqubed|-1
|RTV|-1
|Sachal Radio|-1
XIAMEN AIRLINES|Samuel Filimoni|53
SANDS CHINA LTD|Sansa Art|58
|Sapala|-1
JOINT-STOCK COMPANY VTB CAPITAL|Sara Capital|74
|SAT|-1
|Satin|-1
LIMITED LIABILITY COMPANY CREDIT SUISSE SECURITIES (MOSCOW)|Satin Credit|67
|Savcio|-1
CLARO S.A.|Save-A-Lot|63
FCA POLAND S.A.|SC Auto Africa|57
SAMSONITE INTERNATIONAL S.A.|Scitum Integraio|56
|Scoutible|-1
|SDL - Sabuni|-1
|Senbus|-1
|Sensity|-1
|Sensoro|-1
HUAWEI INVESTMENT & HOLDING CO., LTD.|Serve Investment|77
INSTITUTO DE SEGURIDAD Y SERVICIOS SOCIALES DE LOS TRABAJADORES DEL ESTADO|Servicios Caset|75
HUAWEI INVESTMENT & HOLDING CO., LTD.|Setcar holding LTD|76
HUAWEI INVESTMENT & HOLDING CO., LTD.|Setcar holding LTD|76
LI & FUNG LIMITED|Setfin Cash Intransit Limited|64
|Seven Oceans Fish Processing|-1
|SFC Africa|-1
SHANGHAI PUDONG DEVELOPMENT BANK CO., LTD|Shanghai Kelaibo|67
PRIME FOCUS WORLD CREATIVE SERVICES PRIVATE LIMITED|Shared Services|70
|Sharekhan|-1
|SHB|-1
|Shearwater|-1
SHOUGANG CORPORATION|Shiguang Caibei|57
SINOPEC SALES CO., LTD.|Shop Clues|53
|SiberianNetworks|-1
SODIMAC SA|SIC (Shams)|63
|Sideco Printing|-1
|Sierra Lighthous|-1
TECH-COM (SHANGHAI) COMPUTER CO., LTD.|Siim Tech|62
|Silkroute|-1
|Silvan|-1
|Sinemia|-1
|Sino-Agri Bio|-1
|SinowayCosmetics|-1
SODIMAC SA|SIRAC SA|78
|SITUSA|-1
|Sixup|-1
|Skard Special Needs Support|-1
|SKE|-1
CLARO S.A.|Sky Atlas|56
|Skye CAPIC|-1
|SlimSun|-1
|Smagars|-1
|SMI - Q|-1
|Snabizz|-1
CLARO S.A.|SoarOS|53
|SODEP|-1
|Sogetra SPRL|-1
|SoGood|-1
ANBANG PROPERTY & CASUALTY INSURANCE CO., LTD.|SOK Insurance|82
|SOLARIC|-1
|Sosyo Insider|-1
|Southey|-1
|Southey|-1
|Southgate|-1
|Space Monkey|-1
|Spaces|-1
|Spaceship|-1
|Spandana|-1
KERRY LOGISTICS NETWORK LIMITED|Sport et Loisirs|51
|Sportz Village|-1
|Spykar|-1
GREENTOWN REAL ESTATE GROUP CO., LTD.|SQ Real Estate|88
|SRLL|-1
TECH-COM (SHANGHAI) COMPUTER CO., LTD.|SSD Tech|67
|Starman|-1
SHANXI YANGMEI CHEMICAL INTERNATIONAL BUSINESS CO., LTD.|Stars Business|73
|Starwind|-1
|Stellar Inv|-1
VIETTEL GROUP|Step Group|70
TAOBAO (CHINA) SOFTWARE CO., LTD.|Stochastics Software|57
GLOBAL BRANDS GROUP HOLDING LIMITED|Strategic Global|55
|Subway|-1
ZHEJIANG COMPREHENSIVE ASSETS OPERATION CO., LTD.|Sunar Assets|67
|Sunduzwayo|-1
|Sunpreme|-1
|Surgutneftegaz|-1
|Suryodaya|-1
|Susu Microfinance|-1
|Swadhaar (SFPL)|-1
|Swizza|-1
|Syncom|-1
|Tabac -Equity Bank|-1
|Talma|-1
|Tandu Alarm|-1
|tapucom|-1
|Target Cranes|-1
|Tascom|-1
|TatilSepeti|-1
|TBG|-1
|T-Bistro|-1
|TCBuen|-1
|TCX Portfolio|-1
TEKHNOSNAB|Teachable|53
|Tecpro Engineers|-1
CHINA SOUTHERN POWER GRID CO., LTD.|Tecpro Power|59
|TeleDNA|-1
|TeNet II|-1
|Teracom|-1
|Termoemcali|-1
|TESSOL|-1
K P M AGRO FOOD PRODUCTS PRIVATE LIMITED|The Ok Food Store Limited|65
THE HONGKONG AND SHANGHAI BANKING CORPORATION LIMITED|The Vibe Limited|81
XIAMEN AIRLINES|Thimar Palestine|52
|Thriveni|-1
|Thyrocare|-1
|Tiangong|-1
|TiAuto|-1
NOBLE GROUP LIMITED|Tiba Group|67
|Tiejia|-1
|Tishona|-1
|TOG|-1
|TOG|-1
|Toitoi|-1
|Top League|-1
|Topcare Feeds|-1
FCA POLAND S.A.|Touax Africa|54
|Towndoor Media|-1
JOINT-STOCK COMPANY VTB CAPITAL|Trans Capital|70
|Tree Tops Academ|-1
TECH MAHINDRA LIMITED|Trendtech|53
|TriCity Platform|-1
|Triple P|-1
GLOBAL BRANDS GROUP HOLDING LIMITED|Tripsters GLobal|55
TRINA SOLAR CO., LTD.|T'sar Island|53
|Tsarichanskoye|-1
|TTPC|-1
|Tucan|-1
|Tujijenge|-1
|TV Club|-1
|TwinCare|-1
|TWU|-1
TENCENT HOLDINGS LIMITED|UAP Holdings|80
|UBA|-1
|UEP II|-1
|UHG|-1
|UISEE|-1
JOINT STOCK COMPANY THE STATE EXPORT-IMPORT BANK OF UKRAINE|Ukraine Direct|67
|ULA|-1
NOBLE GROUP LIMITED|Ulink Group|62
NOBLE GROUP LIMITED|Ultimo Group|65
|Universal Ind|-1
|Uno Bakery|-1
VIETTEL GROUP|Upiter|53
|Urbano|-1
LUKOIL-WEST SIBERIA LIMITED|UTB Sierra Leone|51
MUMT|UTS|57
|Vacmet|-1
|Validata|-1
|Varthana|-1
|Varthana|-1
|VBHC Education|-1
|Vcount|-1
|Veerhouse|-1
|VEIL C-Shares|-1
|Veil underlying|-1
|Vendebita|-1
|Venezia Ice|-1
|VentureEast Drug|-1
|VersaMe|-1
SAIC GENERL MOTORS CORP. LTD.|Vesta Corp|57
KIT FINANCE LTD|Vested Finance|69
|Vetauto|-1
|VGN|-1
CHINA SOUTHERN POWER GRID CO., LTD.|Viathan Power|56
|Vidal|-1
|Vidy V|-1
VIETTEL GROUP|Viena Group|75
|Vinafco|-1
|Vital|-1
|Vitalux|-1
|Vivaldroni|-1
|VivaLink|-1
CHINA ENERGY ENGINEERING CORPORATION LIMITED|Vivo  Energy|71
CHINA ENERGY ENGINEERING CORPORATION LIMITED|Vivo  Energy|71
|VMCEE|-1
THE SOCIETY WITH LIMITED AUTHRITY ALFA DIRECT SERVICE|VN Direct|80
|Vocate|-1
|Vodocanalstroy|-1
|Volga Gas|-1
TENCENT HOLDINGS LIMITED|Volga Sumo Holdings|59
|Volt|-1
|VTPL|-1
|VUS Holdco|-1
VIETNAM ELECTRICITY|VUS Vietnam|78
|V-Wallet|-1
TECH-COM (SHANGHAI) COMPUTER CO., LTD.|Vysr Tech|62
|WAL Zbird|-1
|Wanderu|-1
RELIANCE RETAIL VENTURES LIMITED|WatchBanQ Ventures|62
|Weiche|-1
|WeKair|-1
|Wellspring|-1
HUANENG POWER INTERNATIONAL, INC.|Wen Inc|60
|Wenice|-1
|WeShare|-1
|WestCall|-1
HCL EAGLE LIMITED|White Pole|52
|WriteLab|-1
|WriteLab|-1
|WWB|-1
|Wydr|-1
|XAC|-1
HUANENG POWER INTERNATIONAL, INC.|Xingin International|79
|XINJU|-1
|XXSekerbank|-1
|Yaowang|-1
|YiDingHuo|-1
|Yingliu|-1
|YKROK|-1
AGROKOR D.D.|York Park|56
|Zaitseva|-1
|Zamani|-1
|ZHIXIANG|-1
|Zhiyang|-1
|Zhuge IO|-1
|ZIP San Juan|-1
